,573074.3,1038927.4,2136177.3,693444.3,1267768.4,1952948.3,1952881.3,1163752.6,84724.3
rxn00836_c,1.0,1.0,1.0,1.0,0.0,1.0,1.0,0.0,1.0
rxn02201_c,1.0,1.0,1.0,1.0,1.0,1.0,1.0,0.0,1.0
rxn09126_c,0.0,0.0,0.0,0.0,0.0,0.0,0.0,0.0,0.0
rxn05440_c,0.0,1.0,1.0,1.0,1.0,1.0,1.0,0.0,1.0
rxn05156_c,0.0,0.0,0.0,0.0,0.0,0.0,0.0,0.0,0.0
rxn00973_c,1.0,1.0,1.0,1.0,1.0,1.0,1.0,0.0,1.0
rxn08180_c,1.0,1.0,0.0,1.0,1.0,0.0,0.0,0.0,1.0
rxn05353_c,0.0,0.0,0.0,0.0,0.0,0.0,0.0,0.0,0.0
rxn00511_c,0.0,0.0,0.0,0.0,0.0,0.0,0.0,0.0,0.0
rxn02944_c,0.0,1.0,0.0,1.0,0.0,0.0,0.0,0.0,0.0
rxn01385_c,0.0,0.0,0.0,0.0,0.0,0.0,0.0,0.0,0.0
rxn02168_c,0.0,0.0,0.0,0.0,0.0,0.0,0.0,0.0,0.0
rxn00800_c,1.0,1.0,1.0,1.0,1.0,1.0,1.0,0.0,1.0
rxn08841_c,1.0,1.0,1.0,1.0,1.0,0.0,1.0,0.0,1.0
rxn10127_c,0.0,0.0,0.0,0.0,0.0,0.0,0.0,0.0,0.0
rxn01210_c,1.0,1.0,1.0,1.0,1.0,1.0,1.0,0.0,1.0
rxn08807_c,1.0,1.0,1.0,1.0,1.0,0.0,1.0,0.0,1.0
rxn05614_c,1.0,1.0,0.0,1.0,0.0,0.0,0.0,0.0,1.0
rxn01663_c,0.0,0.0,0.0,0.0,0.0,0.0,1.0,0.0,0.0
rxn10287_c,0.0,0.0,0.0,0.0,0.0,0.0,0.0,0.0,0.0
rxn03384_c,1.0,1.0,1.0,1.0,1.0,1.0,1.0,0.0,1.0
rxn04160_c,0.0,0.0,0.0,0.0,0.0,0.0,0.0,0.0,0.0
rxn04996_c,1.0,1.0,1.0,1.0,1.0,1.0,0.0,0.0,1.0
rxn00544_c,0.0,0.0,0.0,1.0,0.0,0.0,0.0,0.0,0.0
rxn01486_c,1.0,1.0,0.0,1.0,0.0,1.0,1.0,0.0,1.0
rxn00165_c,1.0,1.0,1.0,1.0,1.0,0.0,1.0,0.0,1.0
rxn00539_c,0.0,1.0,0.0,1.0,0.0,0.0,0.0,0.0,0.0
rxn00710_c,1.0,1.0,1.0,1.0,1.0,1.0,1.0,0.0,1.0
rxn05687_c,0.0,1.0,0.0,1.0,0.0,0.0,0.0,0.0,0.0
rxn01751_c,0.0,0.0,0.0,0.0,0.0,0.0,0.0,0.0,0.0
rxn00717_c,0.0,1.0,1.0,1.0,0.0,0.0,0.0,0.0,1.0
rxn08796_c,1.0,1.0,1.0,1.0,1.0,0.0,1.0,0.0,1.0
rxn01806_c,0.0,0.0,1.0,0.0,0.0,0.0,0.0,0.0,0.0
rxn07492_c,0.0,0.0,0.0,0.0,0.0,0.0,0.0,0.0,0.0
rxn00479_c,0.0,0.0,0.0,0.0,0.0,0.0,0.0,0.0,0.0
rxn03136_c,1.0,1.0,1.0,1.0,1.0,1.0,1.0,0.0,1.0
rxn12846_c,1.0,1.0,1.0,1.0,1.0,1.0,1.0,1.0,1.0
rxn00337_c,1.0,1.0,1.0,1.0,1.0,1.0,1.0,1.0,1.0
rxn00867_c,1.0,0.0,0.0,0.0,0.0,1.0,1.0,0.0,1.0
rxn05516_c,1.0,1.0,1.0,1.0,1.0,1.0,1.0,0.0,1.0
rxn02376_c,0.0,1.0,1.0,1.0,1.0,1.0,1.0,1.0,1.0
rxn10229_c,1.0,1.0,1.0,1.0,1.0,1.0,1.0,0.0,1.0
rxn00621_c,0.0,0.0,0.0,0.0,0.0,0.0,0.0,0.0,0.0
rxn00405_c,1.0,1.0,0.0,1.0,1.0,1.0,1.0,0.0,1.0
rxn09209_c,1.0,1.0,1.0,1.0,1.0,1.0,1.0,0.0,1.0
rxn00902_c,1.0,1.0,1.0,1.0,1.0,1.0,0.0,1.0,1.0
rxn01268_c,1.0,1.0,1.0,1.0,1.0,1.0,0.0,0.0,0.0
rxn09129_c,0.0,0.0,0.0,0.0,0.0,0.0,0.0,0.0,0.0
rxn01974_c,1.0,1.0,1.0,1.0,1.0,1.0,1.0,0.0,1.0
rxn00242_c,1.0,1.0,1.0,1.0,1.0,1.0,1.0,0.0,1.0
rxn05445_c,0.0,1.0,1.0,1.0,1.0,1.0,1.0,0.0,1.0
rxn05316_c,0.0,1.0,0.0,0.0,0.0,1.0,1.0,0.0,0.0
rxn04384_c,1.0,0.0,1.0,1.0,1.0,0.0,0.0,0.0,1.0
rxn05350_c,1.0,1.0,1.0,1.0,1.0,1.0,1.0,0.0,1.0
rxn10013_c,1.0,0.0,0.0,0.0,0.0,0.0,0.0,0.0,1.0
rxn03906_c,1.0,0.0,0.0,0.0,0.0,0.0,0.0,0.0,0.0
rxn00742_c,1.0,0.0,0.0,0.0,0.0,0.0,1.0,0.0,1.0
rxn00837_c,0.0,1.0,0.0,1.0,0.0,0.0,0.0,0.0,0.0
rxn08844_c,1.0,1.0,1.0,1.0,1.0,0.0,1.0,0.0,1.0
rxn01709_c,0.0,0.0,0.0,0.0,0.0,0.0,0.0,0.0,0.0
rxn05544_c,1.0,0.0,1.0,0.0,0.0,0.0,0.0,0.0,0.0
rxn10338_c,0.0,0.0,0.0,0.0,0.0,0.0,0.0,0.0,0.0
rxn01217_c,0.0,0.0,0.0,0.0,0.0,1.0,0.0,0.0,0.0
rxn00342_c,1.0,1.0,0.0,1.0,0.0,0.0,0.0,0.0,1.0
rxn09296_c,1.0,1.0,1.0,1.0,1.0,1.0,1.0,0.0,1.0
rxn08802_c,1.0,1.0,1.0,1.0,1.0,0.0,1.0,0.0,1.0
rxn06335_c,1.0,0.0,0.0,0.0,0.0,1.0,1.0,0.0,1.0
rxn10270_c,0.0,1.0,1.0,1.0,1.0,0.0,0.0,0.0,0.0
rxn00992_c,0.0,0.0,0.0,0.0,0.0,0.0,0.0,0.0,0.0
rxn10284_c,0.0,0.0,0.0,0.0,0.0,0.0,0.0,0.0,0.0
rxn00779_c,0.0,0.0,0.0,0.0,0.0,0.0,0.0,0.0,0.0
rxn10267_c,0.0,1.0,1.0,1.0,1.0,0.0,0.0,0.0,0.0
rxn00423_c,1.0,1.0,1.0,1.0,1.0,1.0,0.0,0.0,1.0
rxn05329_c,0.0,0.0,0.0,0.0,0.0,0.0,0.0,0.0,0.0
rxn00952_c,0.0,0.0,1.0,0.0,1.0,1.0,1.0,0.0,1.0
rxn02938_c,0.0,0.0,0.0,0.0,0.0,0.0,0.0,0.0,0.0
rxn00748_c,1.0,1.0,0.0,1.0,0.0,1.0,1.0,0.0,0.0
rxn05200_c,0.0,1.0,0.0,0.0,0.0,1.0,1.0,0.0,0.0
rxn00584_c,0.0,0.0,0.0,1.0,0.0,0.0,0.0,0.0,0.0
rxn01322_c,0.0,1.0,0.0,1.0,0.0,0.0,0.0,0.0,0.0
rxn10060_c,1.0,1.0,1.0,1.0,1.0,1.0,1.0,0.0,1.0
rxn05735_c,1.0,0.0,1.0,1.0,1.0,0.0,1.0,0.0,1.0
rxn05617_c,1.0,1.0,0.0,1.0,0.0,0.0,0.0,0.0,1.0
rxn03852_c,0.0,0.0,0.0,0.0,0.0,0.0,0.0,0.0,0.0
rxn02268_c,1.0,0.0,0.0,0.0,0.0,1.0,1.0,0.0,1.0
rxn00305_c,0.0,0.0,0.0,0.0,0.0,0.0,1.0,0.0,1.0
rxn04161_c,0.0,0.0,0.0,0.0,0.0,0.0,0.0,0.0,0.0
rxn00892_c,0.0,0.0,0.0,0.0,0.0,0.0,0.0,0.0,0.0
rxn05680_c,0.0,1.0,0.0,1.0,0.0,0.0,0.0,0.0,0.0
rxn01292_c,0.0,1.0,0.0,1.0,0.0,1.0,0.0,0.0,1.0
rxn08792_c,0.0,1.0,1.0,1.0,1.0,0.0,1.0,0.0,0.0
rxn05174_c,1.0,0.0,0.0,0.0,0.0,0.0,0.0,0.0,0.0
rxn08799_c,1.0,1.0,1.0,1.0,1.0,0.0,1.0,0.0,1.0
rxn11934_c,0.0,0.0,0.0,0.0,0.0,0.0,0.0,0.0,0.0
rxn03419_c,1.0,1.0,1.0,1.0,1.0,1.0,1.0,0.0,1.0
rxn01516_c,0.0,0.0,0.0,0.0,0.0,0.0,0.0,0.0,0.0
rxn03188_c,0.0,0.0,1.0,0.0,0.0,0.0,0.0,0.0,0.0
rxn09111_c,1.0,1.0,1.0,1.0,1.0,0.0,0.0,0.0,1.0
rxn05348_c,1.0,1.0,1.0,1.0,1.0,1.0,1.0,0.0,1.0
rxn03245_c,1.0,1.0,1.0,1.0,1.0,0.0,1.0,0.0,1.0
rxn10125_c,0.0,1.0,1.0,1.0,1.0,0.0,1.0,0.0,1.0
rxn10213_c,0.0,0.0,0.0,0.0,0.0,0.0,1.0,0.0,0.0
rxn01132_c,0.0,0.0,0.0,0.0,0.0,1.0,0.0,0.0,0.0
rxn05419_c,0.0,0.0,0.0,0.0,0.0,0.0,0.0,0.0,0.0
rxn12847_c,1.0,1.0,1.0,1.0,1.0,1.0,1.0,1.0,1.0
rxn05410_c,0.0,0.0,1.0,1.0,0.0,1.0,0.0,0.0,0.0
rxn03974_c,0.0,0.0,0.0,0.0,0.0,0.0,0.0,0.0,0.0
rxn12848_c,1.0,0.0,1.0,0.0,0.0,0.0,0.0,0.0,0.0
rxn00336_c,1.0,1.0,0.0,1.0,0.0,0.0,0.0,0.0,0.0
rxn05145_c,0.0,0.0,0.0,0.0,0.0,0.0,0.0,0.0,0.0
rxn01289_c,0.0,0.0,0.0,0.0,0.0,0.0,0.0,0.0,0.0
rxn04457_c,1.0,1.0,1.0,1.0,1.0,1.0,1.0,1.0,1.0
rxn04598_c,0.0,1.0,0.0,1.0,0.0,0.0,0.0,0.0,0.0
rxn02449_c,0.0,1.0,0.0,1.0,0.0,0.0,0.0,0.0,0.0
rxn05957_c,0.0,0.0,1.0,0.0,1.0,1.0,1.0,0.0,1.0
rxn00509_c,0.0,1.0,1.0,1.0,0.0,1.0,1.0,0.0,0.0
rxn00566_c,1.0,1.0,0.0,1.0,0.0,1.0,1.0,0.0,1.0
rxn01269_c,1.0,1.0,1.0,1.0,1.0,1.0,0.0,0.0,0.0
rxn00392_c,1.0,1.0,1.0,1.0,1.0,1.0,0.0,0.0,1.0
rxn00830_c,1.0,1.0,1.0,1.0,1.0,1.0,1.0,0.0,1.0
rxn10292_c,0.0,0.0,0.0,0.0,0.0,0.0,0.0,0.0,0.0
rxn09154_c,0.0,0.0,0.0,0.0,0.0,0.0,0.0,0.0,0.0
rxn09128_c,0.0,0.0,0.0,0.0,0.0,0.0,0.0,0.0,0.0
rxn05446_c,0.0,1.0,1.0,1.0,1.0,1.0,1.0,0.0,1.0
rxn01634_c,0.0,0.0,0.0,0.0,0.0,0.0,0.0,0.0,1.0
rxn05317_c,0.0,1.0,0.0,0.0,0.0,1.0,1.0,0.0,0.0
rxn02900_c,0.0,0.0,0.0,0.0,0.0,0.0,0.0,0.0,0.0
rxn02835_c,1.0,1.0,1.0,1.0,1.0,1.0,1.0,1.0,1.0
rxn04385_c,1.0,0.0,1.0,1.0,1.0,0.0,0.0,0.0,1.0
rxn00975_c,0.0,0.0,0.0,0.0,0.0,0.0,0.0,0.0,0.0
rxn05351_c,0.0,0.0,0.0,0.0,0.0,0.0,0.0,0.0,0.0
rxn03933_c,1.0,1.0,1.0,1.0,1.0,1.0,1.0,0.0,1.0
rxn00146_c,0.0,1.0,0.0,1.0,0.0,0.0,0.0,0.0,0.0
rxn01986_c,1.0,1.0,1.0,1.0,1.0,0.0,0.0,0.0,0.0
rxn01868_c,0.0,1.0,1.0,1.0,1.0,0.0,0.0,0.0,1.0
rxn09562_c,1.0,1.0,1.0,1.0,1.0,1.0,1.0,0.0,1.0
rxn10277_c,0.0,0.0,0.0,0.0,0.0,0.0,0.0,0.0,0.0
rxn00555_c,0.0,0.0,0.0,0.0,0.0,0.0,0.0,0.0,0.0
rxn01828_c,0.0,0.0,0.0,0.0,0.0,0.0,0.0,0.0,1.0
rxn10945_c,0.0,1.0,0.0,1.0,0.0,0.0,0.0,0.0,1.0
rxn02173_c,0.0,1.0,0.0,0.0,0.0,0.0,0.0,0.0,1.0
rxn01387_c,1.0,1.0,1.0,1.0,1.0,1.0,1.0,0.0,1.0
rxn00849_c,1.0,0.0,1.0,0.0,1.0,0.0,0.0,0.0,0.0
rxn08843_c,1.0,1.0,1.0,1.0,1.0,0.0,1.0,0.0,1.0
rxn03040_c,0.0,0.0,0.0,1.0,0.0,0.0,0.0,0.0,1.0
rxn05533_c,1.0,0.0,1.0,0.0,0.0,0.0,0.0,0.0,0.0
rxn05205_c,0.0,1.0,0.0,0.0,0.0,1.0,1.0,0.0,0.0
rxn06865_c,1.0,1.0,0.0,1.0,1.0,1.0,1.0,0.0,0.0
rxn01279_c,0.0,0.0,0.0,1.0,0.0,0.0,0.0,0.0,0.0
rxn05655_c,1.0,1.0,0.0,1.0,0.0,0.0,0.0,0.0,1.0
rxn08801_c,1.0,1.0,1.0,1.0,1.0,0.0,1.0,0.0,1.0
rxn10285_c,0.0,0.0,0.0,0.0,0.0,0.0,0.0,0.0,0.0
rxn11684_c,0.0,0.0,0.0,0.0,0.0,0.0,0.0,0.0,0.0
rxn00422_c,0.0,0.0,0.0,0.0,0.0,0.0,0.0,0.0,0.0
rxn01893_c,0.0,1.0,0.0,1.0,0.0,0.0,0.0,0.0,1.0
rxn10227_c,1.0,1.0,1.0,1.0,1.0,1.0,1.0,0.0,1.0
rxn01146_c,0.0,1.0,1.0,1.0,1.0,0.0,0.0,0.0,0.0
rxn09210_c,1.0,1.0,1.0,1.0,1.0,1.0,1.0,0.0,1.0
rxn01484_c,1.0,1.0,1.0,1.0,0.0,0.0,0.0,0.0,1.0
rxn00162_c,1.0,0.0,0.0,0.0,0.0,0.0,0.0,0.0,0.0
rxn01513_c,1.0,1.0,1.0,1.0,1.0,0.0,0.0,0.0,1.0
rxn00712_c,0.0,0.0,0.0,0.0,0.0,0.0,0.0,0.0,0.0
rxn08978_c,0.0,0.0,0.0,0.0,0.0,0.0,0.0,0.0,0.0
rxn12844_c,1.0,1.0,1.0,1.0,1.0,1.0,1.0,1.0,1.0
rxn08798_c,1.0,1.0,1.0,1.0,1.0,0.0,1.0,0.0,1.0
rxn05175_c,0.0,1.0,0.0,1.0,1.0,0.0,0.0,0.0,0.0
rxn03324_c,0.0,0.0,0.0,0.0,0.0,0.0,0.0,0.0,0.0
rxn00484_c,0.0,0.0,0.0,0.0,0.0,1.0,0.0,0.0,0.0
rxn05307_c,1.0,1.0,0.0,1.0,0.0,0.0,0.0,0.0,0.0
rxn08546_c,1.0,1.0,0.0,1.0,0.0,0.0,0.0,0.0,0.0
rxn10014_c,1.0,0.0,0.0,0.0,0.0,0.0,0.0,0.0,1.0
rxn04154_c,0.0,0.0,0.0,0.0,0.0,0.0,0.0,0.0,0.0
rxn05389_c,0.0,0.0,1.0,1.0,0.0,1.0,0.0,0.0,0.0
rxn08900_c,1.0,1.0,0.0,1.0,0.0,0.0,0.0,0.0,0.0
rxn02484_c,1.0,1.0,1.0,1.0,1.0,0.0,0.0,0.0,1.0
rxn00221_c,0.0,1.0,0.0,1.0,0.0,0.0,0.0,0.0,0.0
rxn05418_c,0.0,0.0,1.0,1.0,0.0,1.0,0.0,0.0,0.0
rxn01133_c,0.0,1.0,0.0,1.0,0.0,0.0,0.0,0.0,0.0
rxn05417_c,1.0,1.0,1.0,1.0,1.0,1.0,1.0,0.0,1.0
rxn08128_c,0.0,1.0,1.0,1.0,0.0,1.0,1.0,0.0,1.0
rxn01423_c,0.0,0.0,0.0,0.0,0.0,0.0,0.0,0.0,0.0
rxn01972_c,1.0,0.0,0.0,0.0,0.0,0.0,0.0,0.0,0.0
rxn03126_c,0.0,0.0,0.0,0.0,0.0,1.0,0.0,0.0,0.0
rxn10208_c,1.0,1.0,0.0,1.0,0.0,0.0,0.0,0.0,0.0
rxn10225_c,1.0,1.0,1.0,1.0,1.0,1.0,1.0,0.0,1.0
rxn03886_c,0.0,1.0,1.0,1.0,0.0,0.0,0.0,0.0,0.0
rxn00786_c,1.0,1.0,1.0,1.0,1.0,1.0,1.0,0.0,1.0
rxn05217_c,1.0,1.0,0.0,1.0,0.0,0.0,0.0,1.0,0.0
rxn00740_c,1.0,1.0,0.0,1.0,0.0,0.0,0.0,0.0,0.0
rxn00838_c,1.0,1.0,1.0,1.0,1.0,1.0,1.0,0.0,1.0
rxn08707_c,0.0,0.0,0.0,0.0,0.0,0.0,0.0,0.0,0.0
rxn00831_c,0.0,1.0,1.0,1.0,1.0,1.0,1.0,0.0,1.0
rxn09155_c,0.0,0.0,0.0,0.0,0.0,0.0,0.0,0.0,0.0
rxn01176_c,0.0,0.0,0.0,0.0,0.0,0.0,0.0,0.0,1.0
rxn12224_c,0.0,0.0,0.0,0.0,0.0,0.0,0.0,0.0,0.0
rxn01989_c,0.0,1.0,0.0,1.0,0.0,0.0,0.0,0.0,0.0
rxn09133_c,0.0,0.0,0.0,0.0,0.0,0.0,0.0,0.0,0.0
rxn10276_c,0.0,0.0,0.0,0.0,0.0,0.0,0.0,0.0,0.0
rxn00074_c,0.0,0.0,0.0,0.0,0.0,0.0,0.0,0.0,0.0
rxn02313_c,0.0,0.0,0.0,1.0,0.0,0.0,0.0,0.0,0.0
rxn02894_c,1.0,0.0,1.0,0.0,0.0,0.0,0.0,0.0,0.0
rxn01951_c,0.0,1.0,0.0,1.0,0.0,0.0,0.0,0.0,0.0
rxn02429_c,0.0,1.0,1.0,1.0,0.0,0.0,0.0,0.0,0.0
rxn10282_c,0.0,0.0,0.0,0.0,0.0,0.0,0.0,0.0,0.0
rxn01509_c,1.0,1.0,1.0,1.0,1.0,1.0,1.0,0.0,1.0
rxn02011_c,0.0,0.0,0.0,0.0,0.0,0.0,0.0,0.0,0.0
rxn01145_c,0.0,1.0,1.0,1.0,1.0,1.0,1.0,0.0,1.0
rxn08849_c,1.0,1.0,1.0,1.0,1.0,0.0,1.0,0.0,1.0
rxn05202_c,1.0,1.0,0.0,1.0,0.0,0.0,0.0,0.0,0.0
rxn01753_c,0.0,0.0,0.0,0.0,0.0,0.0,0.0,0.0,0.0
rxn00303_c,1.0,1.0,1.0,1.0,1.0,1.0,1.0,0.0,1.0
rxn05682_c,0.0,1.0,0.0,0.0,0.0,0.0,0.0,0.0,1.0
rxn10279_c,0.0,0.0,0.0,0.0,0.0,0.0,0.0,0.0,0.0
rxn05427_c,0.0,0.0,0.0,0.0,0.0,0.0,0.0,0.0,0.0
rxn10224_c,1.0,1.0,1.0,1.0,1.0,1.0,1.0,0.0,1.0
rxn05893_c,0.0,0.0,0.0,0.0,0.0,0.0,0.0,0.0,0.0
rxn00474_c,1.0,1.0,1.0,1.0,1.0,1.0,0.0,1.0,1.0
rxn03147_c,1.0,1.0,1.0,1.0,1.0,1.0,1.0,0.0,1.0
rxn03843_c,1.0,1.0,1.0,1.0,1.0,1.0,1.0,0.0,0.0
rxn01123_c,0.0,0.0,0.0,0.0,0.0,0.0,0.0,0.0,0.0
rxn11932_c,0.0,0.0,0.0,0.0,0.0,1.0,0.0,0.0,0.0
rxn01510_c,0.0,0.0,0.0,0.0,0.0,0.0,0.0,0.0,0.0
rxn09113_c,1.0,1.0,1.0,1.0,1.0,0.0,0.0,0.0,1.0
rxn00711_c,1.0,1.0,1.0,1.0,1.0,1.0,1.0,0.0,1.0
rxn03242_c,1.0,1.0,1.0,1.0,1.0,0.0,1.0,0.0,1.0
rxn05412_c,0.0,0.0,0.0,0.0,0.0,0.0,0.0,0.0,0.0
rxn10236_c,1.0,1.0,1.0,1.0,1.0,1.0,1.0,0.0,1.0
rxn12845_c,1.0,1.0,1.0,1.0,1.0,1.0,1.0,1.0,1.0
rxn08527_c,1.0,1.0,1.0,1.0,1.0,1.0,1.0,0.0,1.0
rxn08547_c,1.0,1.0,0.0,1.0,0.0,0.0,0.0,0.0,0.0
rxn05388_c,1.0,1.0,1.0,1.0,1.0,1.0,1.0,0.0,1.0
rxn06299_c,0.0,0.0,0.0,0.0,0.0,0.0,0.0,0.0,0.0
rxn08901_c,1.0,1.0,0.0,1.0,0.0,0.0,0.0,0.0,0.0
rxn05023_c,0.0,0.0,0.0,0.0,0.0,0.0,0.0,0.0,0.0
rxn05028_c,0.0,0.0,0.0,0.0,0.0,0.0,0.0,0.0,1.0
rxn00832_c,1.0,1.0,1.0,1.0,1.0,1.0,1.0,0.0,1.0
rxn09699_c,0.0,0.0,0.0,0.0,0.0,0.0,0.0,0.0,0.0
rxn10193_c,0.0,0.0,0.0,0.0,0.0,0.0,0.0,0.0,0.0
rxn09156_c,0.0,0.0,0.0,0.0,0.0,0.0,0.0,0.0,0.0
rxn03643_c,0.0,0.0,0.0,0.0,0.0,0.0,0.0,0.0,0.0
rxn10209_c,1.0,1.0,0.0,1.0,0.0,0.0,0.0,0.0,0.0
rxn05444_c,0.0,1.0,1.0,1.0,1.0,1.0,1.0,0.0,1.0
rxn10275_c,0.0,0.0,0.0,0.0,0.0,0.0,0.0,0.0,0.0
rxn01573_c,0.0,0.0,0.0,0.0,0.0,0.0,0.0,0.0,0.0
rxn00650_c,1.0,1.0,1.0,1.0,1.0,1.0,1.0,1.0,1.0
rxn05216_c,0.0,0.0,0.0,0.0,0.0,0.0,0.0,0.0,0.0
rxn00787_c,0.0,0.0,0.0,0.0,0.0,0.0,0.0,0.0,1.0
rxn10254_c,1.0,1.0,0.0,1.0,0.0,0.0,1.0,0.0,0.0
rxn01649_c,1.0,1.0,1.0,1.0,1.0,1.0,1.0,0.0,1.0
rxn00616_c,1.0,1.0,1.0,1.0,1.0,0.0,1.0,0.0,1.0
rxn01857_c,0.0,1.0,0.0,1.0,0.0,0.0,0.0,0.0,0.0
rxn08845_c,1.0,1.0,1.0,1.0,1.0,0.0,1.0,0.0,1.0
rxn00313_c,1.0,1.0,1.0,1.0,1.0,1.0,1.0,0.0,1.0
rxn10537_c,0.0,0.0,0.0,0.0,0.0,0.0,0.0,0.0,0.0
rxn05207_c,0.0,0.0,0.0,1.0,0.0,0.0,0.0,0.0,0.0
rxn08803_c,1.0,1.0,1.0,1.0,1.0,0.0,1.0,0.0,1.0
rxn02312_c,1.0,1.0,0.0,1.0,1.0,0.0,0.0,0.0,1.0
rxn02895_c,1.0,1.0,1.0,1.0,1.0,1.0,1.0,0.0,1.0
rxn10283_c,0.0,0.0,0.0,0.0,0.0,0.0,0.0,0.0,0.0
rxn01671_c,0.0,1.0,0.0,1.0,0.0,0.0,0.0,0.0,1.0
rxn00189_c,1.0,1.0,1.0,1.0,1.0,1.0,1.0,0.0,1.0
rxn01508_c,1.0,0.0,0.0,0.0,0.0,1.0,1.0,0.0,0.0
rxn02322_c,0.0,0.0,0.0,0.0,0.0,1.0,0.0,0.0,0.0
rxn00420_c,1.0,1.0,1.0,1.0,1.0,0.0,0.0,0.0,1.0
rxn10221_c,1.0,1.0,1.0,1.0,1.0,1.0,1.0,0.0,1.0
rxn02792_c,1.0,1.0,1.0,1.0,1.0,0.0,1.0,0.0,1.0
rxn02804_c,1.0,1.0,1.0,1.0,1.0,0.0,1.0,0.0,1.0
rxn09289_c,0.0,0.0,0.0,0.0,0.0,0.0,0.0,0.0,0.0
rxn00160_c,0.0,0.0,0.0,0.0,0.0,0.0,0.0,0.0,0.0
rxn02939_c,0.0,1.0,0.0,1.0,0.0,1.0,0.0,0.0,0.0
rxn03962_c,0.0,1.0,0.0,1.0,0.0,1.0,0.0,0.0,0.0
rxn01025_c,0.0,1.0,1.0,1.0,0.0,0.0,0.0,0.0,1.0
rxn05330_c,0.0,0.0,0.0,0.0,0.0,0.0,0.0,0.0,0.0
rxn02866_c,1.0,0.0,0.0,0.0,1.0,1.0,0.0,0.0,1.0
rxn03108_c,1.0,1.0,1.0,1.0,1.0,0.0,0.0,0.0,1.0
rxn01018_c,1.0,1.0,1.0,1.0,1.0,1.0,1.0,0.0,1.0
rxn00714_c,0.0,0.0,0.0,0.0,1.0,0.0,0.0,0.0,0.0
rxn05683_c,0.0,0.0,0.0,0.0,0.0,0.0,0.0,0.0,0.0
rxn03146_c,0.0,1.0,1.0,1.0,1.0,1.0,1.0,0.0,0.0
rxn11650_c,1.0,0.0,0.0,0.0,1.0,0.0,0.0,0.0,1.0
rxn10300_c,0.0,0.0,0.0,0.0,0.0,0.0,0.0,0.0,0.0
rxn09144_c,0.0,0.0,0.0,0.0,0.0,0.0,0.0,0.0,0.0
rxn08850_c,1.0,1.0,1.0,1.0,1.0,0.0,1.0,0.0,1.0
rxn00500_c,0.0,1.0,0.0,1.0,0.0,0.0,0.0,0.0,0.0
rxn09110_c,1.0,1.0,1.0,1.0,1.0,0.0,0.0,0.0,1.0
rxn01646_c,1.0,1.0,1.0,1.0,1.0,1.0,1.0,0.0,1.0
rxn03243_c,1.0,1.0,1.0,1.0,1.0,0.0,1.0,0.0,1.0
rxn05349_c,1.0,1.0,1.0,1.0,1.0,1.0,1.0,0.0,1.0
rxn01523_c,0.0,0.0,0.0,0.0,0.0,0.0,0.0,0.0,0.0
rxn03244_c,1.0,1.0,1.0,1.0,1.0,0.0,1.0,0.0,1.0
rxn00799_c,1.0,1.0,1.0,1.0,1.0,1.0,1.0,0.0,1.0
rxn01977_c,1.0,1.0,1.0,1.0,1.0,1.0,1.0,0.0,1.0
rxn05411_c,0.0,0.0,0.0,0.0,0.0,0.0,0.0,0.0,0.0
rxn05449_c,0.0,1.0,1.0,1.0,1.0,1.0,1.0,0.0,1.0
rxn10206_c,1.0,1.0,0.0,1.0,0.0,0.0,0.0,0.0,0.0
rxn03446_c,1.0,1.0,1.0,1.0,1.0,1.0,1.0,1.0,1.0
rxn00355_c,0.0,1.0,0.0,1.0,0.0,1.0,1.0,0.0,1.0
rxn00223_c,0.0,1.0,1.0,1.0,0.0,1.0,0.0,0.0,1.0
rxn05215_c,0.0,0.0,0.0,0.0,0.0,0.0,0.0,0.0,0.0
rxn00784_c,1.0,1.0,1.0,1.0,1.0,1.0,1.0,0.0,1.0
rxn05029_c,1.0,1.0,0.0,1.0,1.0,0.0,0.0,0.0,1.0
rxn10293_c,0.0,0.0,0.0,0.0,0.0,0.0,0.0,0.0,0.0
rxn09157_c,0.0,0.0,0.0,0.0,0.0,0.0,0.0,0.0,0.0
rxn10194_c,0.0,0.0,0.0,0.0,0.0,0.0,0.0,0.0,0.0
rxn03135_c,1.0,1.0,1.0,1.0,1.0,1.0,1.0,1.0,1.0
rxn01987_c,1.0,1.0,1.0,1.0,1.0,1.0,1.0,0.0,1.0
rxn02834_c,1.0,1.0,1.0,1.0,1.0,1.0,1.0,1.0,1.0
rxn10148_c,0.0,1.0,0.0,0.0,0.0,0.0,0.0,0.0,0.0
rxn09953_c,0.0,0.0,1.0,0.0,0.0,1.0,0.0,0.0,1.0
rxn03644_c,0.0,0.0,0.0,1.0,0.0,0.0,0.0,0.0,0.0
rxn10233_c,1.0,1.0,1.0,1.0,1.0,1.0,1.0,0.0,1.0
rxn05092_c,1.0,0.0,0.0,0.0,0.0,0.0,0.0,0.0,1.0
rxn05536_c,1.0,0.0,1.0,0.0,0.0,0.0,0.0,0.0,0.0
rxn03932_c,0.0,0.0,0.0,0.0,0.0,0.0,0.0,0.0,1.0
rxn10274_c,0.0,0.0,0.0,0.0,0.0,0.0,0.0,0.0,0.0
rxn09131_c,0.0,0.0,0.0,0.0,0.0,0.0,0.0,0.0,0.0
rxn05439_c,0.0,1.0,1.0,1.0,1.0,1.0,1.0,0.0,1.0
rxn10806_c,1.0,1.0,1.0,1.0,1.0,1.0,1.0,1.0,1.0
rxn00994_c,0.0,0.0,0.0,0.0,0.0,0.0,0.0,0.0,0.0
rxn00312_c,0.0,0.0,0.0,0.0,0.0,0.0,0.0,0.0,0.0
rxn05204_c,0.0,1.0,0.0,0.0,0.0,1.0,0.0,0.0,0.0
rxn00461_c,1.0,1.0,1.0,1.0,1.0,1.0,1.0,0.0,1.0
rxn00817_c,0.0,1.0,1.0,1.0,0.0,1.0,0.0,0.0,1.0
rxn08818_c,1.0,1.0,1.0,1.0,1.0,0.0,1.0,0.0,1.0
rxn02344_c,1.0,0.0,0.0,0.0,0.0,0.0,0.0,0.0,1.0
rxn05423_c,0.0,0.0,0.0,0.0,0.0,0.0,0.0,0.0,0.0
rxn00161_c,1.0,1.0,1.0,1.0,1.0,1.0,1.0,0.0,1.0
rxn10226_c,1.0,1.0,1.0,1.0,1.0,1.0,1.0,0.0,1.0
rxn08040_c,0.0,0.0,0.0,0.0,0.0,0.0,0.0,0.0,0.0
rxn02061_c,0.0,0.0,0.0,0.0,0.0,0.0,0.0,0.0,0.0
rxn09211_c,1.0,1.0,1.0,1.0,1.0,1.0,1.0,0.0,1.0
rxn05006_c,1.0,1.0,1.0,1.0,1.0,1.0,1.0,0.0,1.0
rxn05331_c,0.0,0.0,0.0,0.0,0.0,0.0,0.0,0.0,0.0
rxn00533_c,0.0,0.0,0.0,0.0,0.0,0.0,0.0,0.0,1.0
rxn03060_c,0.0,1.0,0.0,1.0,0.0,0.0,0.0,0.0,0.0
rxn03240_c,1.0,1.0,1.0,1.0,1.0,0.0,1.0,0.0,1.0
rxn01512_c,1.0,1.0,1.0,1.0,1.0,1.0,1.0,0.0,1.0
rxn03249_c,1.0,1.0,1.0,1.0,1.0,0.0,1.0,0.0,1.0
rxn00713_c,1.0,1.0,0.0,1.0,0.0,1.0,1.0,0.0,0.0
rxn04748_c,1.0,0.0,0.0,0.0,0.0,0.0,0.0,0.0,0.0
rxn05415_c,0.0,0.0,0.0,0.0,0.0,0.0,0.0,0.0,0.0
rxn04052_c,0.0,0.0,0.0,0.0,0.0,0.0,0.0,0.0,0.0
rxn05225_c,0.0,0.0,0.0,0.0,0.0,0.0,0.0,0.0,0.0
rxn01636_c,1.0,0.0,1.0,0.0,1.0,0.0,0.0,0.0,1.0
rxn00086_c,0.0,1.0,1.0,1.0,1.0,0.0,0.0,0.0,0.0
rxn08468_c,0.0,0.0,0.0,0.0,0.0,0.0,0.0,0.0,0.0
rxn04660_c,0.0,0.0,0.0,0.0,0.0,0.0,0.0,0.0,0.0
rxn03408_c,1.0,1.0,1.0,1.0,1.0,1.0,1.0,0.0,1.0
rxn01635_c,0.0,0.0,0.0,0.0,0.0,0.0,0.0,0.0,1.0
rxn03236_c,0.0,0.0,1.0,0.0,1.0,1.0,1.0,0.0,1.0
rxn10191_c,0.0,0.0,0.0,0.0,0.0,0.0,0.0,0.0,0.0
rxn05567_c,1.0,1.0,0.0,1.0,0.0,0.0,0.0,0.0,1.0
rxn01187_c,0.0,0.0,0.0,0.0,0.0,1.0,0.0,0.0,1.0
rxn02369_c,0.0,0.0,1.0,1.0,1.0,0.0,0.0,0.0,1.0
rxn09150_c,0.0,0.0,0.0,0.0,0.0,0.0,0.0,0.0,0.0
rxn05252_c,1.0,1.0,1.0,1.0,1.0,1.0,1.0,0.0,1.0
rxn09992_c,1.0,1.0,0.0,1.0,0.0,0.0,0.0,0.0,1.0
rxn10207_c,1.0,1.0,0.0,1.0,0.0,0.0,0.0,0.0,0.0
rxn10258_c,1.0,1.0,0.0,1.0,0.0,0.0,1.0,0.0,0.0
rxn10273_c,0.0,0.0,0.0,0.0,0.0,0.0,0.0,0.0,0.0
rxn00785_c,1.0,1.0,1.0,1.0,1.0,1.0,1.0,0.0,1.0
rxn02775_c,0.0,0.0,0.0,0.0,0.0,0.0,0.0,0.0,0.0
rxn05431_c,0.0,0.0,0.0,0.0,0.0,0.0,0.0,0.0,0.0
rxn10122_c,1.0,1.0,1.0,1.0,1.0,1.0,1.0,1.0,1.0
rxn01859_c,1.0,1.0,1.0,1.0,1.0,1.0,1.0,0.0,1.0
rxn04153_c,0.0,0.0,0.0,0.0,0.0,0.0,0.0,0.0,0.0
rxn05160_c,0.0,0.0,0.0,0.0,0.0,0.0,0.0,0.0,0.0
rxn05537_c,1.0,0.0,1.0,0.0,0.0,0.0,0.0,0.0,0.0
rxn02296_c,0.0,0.0,0.0,0.0,0.0,0.0,0.0,0.0,0.0
rxn05064_c,0.0,1.0,0.0,1.0,0.0,0.0,0.0,0.0,0.0
rxn05656_c,0.0,0.0,0.0,1.0,0.0,0.0,0.0,0.0,1.0
rxn05538_c,1.0,0.0,1.0,0.0,0.0,0.0,0.0,0.0,0.0
rxn09132_c,0.0,0.0,0.0,0.0,0.0,0.0,0.0,0.0,0.0
rxn01011_c,0.0,0.0,1.0,0.0,1.0,1.0,0.0,0.0,0.0
rxn01790_c,1.0,1.0,1.0,1.0,0.0,1.0,0.0,0.0,1.0
rxn05651_c,1.0,0.0,1.0,1.0,1.0,1.0,1.0,0.0,1.0
rxn00077_c,1.0,1.0,1.0,1.0,1.0,1.0,1.0,0.0,1.0
rxn02897_c,1.0,1.0,1.0,1.0,1.0,0.0,0.0,0.0,1.0
rxn10301_c,0.0,0.0,0.0,0.0,0.0,0.0,0.0,0.0,0.0
rxn05126_c,0.0,1.0,0.0,1.0,0.0,0.0,0.0,0.0,0.0
rxn05438_c,0.0,1.0,1.0,1.0,1.0,1.0,1.0,0.0,1.0
rxn00134_c,0.0,0.0,0.0,0.0,0.0,0.0,0.0,0.0,1.0
rxn01315_c,1.0,0.0,0.0,0.0,0.0,0.0,0.0,0.0,0.0
rxn10223_c,1.0,1.0,1.0,1.0,1.0,1.0,1.0,0.0,1.0
rxn02596_c,0.0,1.0,1.0,1.0,0.0,1.0,0.0,0.0,1.0
rxn00166_c,0.0,0.0,0.0,0.0,0.0,0.0,0.0,0.0,0.0
rxn01924_c,0.0,0.0,0.0,0.0,1.0,0.0,0.0,0.0,0.0
rxn00629_c,0.0,0.0,1.0,0.0,1.0,0.0,0.0,0.0,0.0
rxn09109_c,1.0,1.0,1.0,1.0,1.0,0.0,0.0,0.0,1.0
rxn00720_c,0.0,0.0,0.0,0.0,0.0,0.0,0.0,0.0,0.0
rxn05332_c,0.0,0.0,0.0,0.0,0.0,0.0,0.0,0.0,0.0
rxn00302_c,1.0,1.0,1.0,1.0,1.0,1.0,1.0,0.0,1.0
rxn09448_c,1.0,1.0,1.0,1.0,1.0,1.0,1.0,0.0,1.0
rxn08819_c,1.0,1.0,1.0,1.0,1.0,0.0,1.0,0.0,1.0
rxn02345_c,0.0,1.0,1.0,1.0,1.0,0.0,0.0,0.0,1.0
rxn01291_c,1.0,0.0,0.0,0.0,0.0,1.0,0.0,0.0,1.0
rxn02342_c,1.0,1.0,1.0,1.0,1.0,0.0,1.0,1.0,1.0
rxn05179_c,0.0,0.0,0.0,0.0,1.0,0.0,0.0,0.0,0.0
rxn03492_c,0.0,0.0,0.0,0.0,0.0,0.0,0.0,0.0,0.0
rxn00991_c,1.0,0.0,0.0,0.0,1.0,0.0,0.0,0.0,1.0
rxn03061_c,0.0,1.0,0.0,1.0,0.0,0.0,0.0,0.0,0.0
rxn00114_c,0.0,1.0,0.0,1.0,0.0,1.0,0.0,0.0,1.0
rxn03241_c,1.0,1.0,1.0,1.0,1.0,0.0,1.0,0.0,1.0
rxn01640_c,0.0,0.0,1.0,0.0,0.0,0.0,0.0,0.0,1.0
rxn05414_c,0.0,0.0,1.0,1.0,0.0,1.0,0.0,0.0,0.0
rxn05384_c,1.0,1.0,1.0,1.0,1.0,1.0,1.0,0.0,1.0
rxn01975_c,1.0,1.0,1.0,1.0,1.0,1.0,0.0,1.0,1.0
rxn05408_c,1.0,1.0,1.0,1.0,1.0,1.0,1.0,0.0,1.0
rxn05413_c,1.0,1.0,1.0,1.0,1.0,1.0,1.0,0.0,1.0
rxn00085_c,1.0,1.0,1.0,1.0,1.0,1.0,0.0,0.0,1.0
rxn02529_c,0.0,1.0,0.0,1.0,0.0,0.0,0.0,0.0,0.0
rxn00608_c,1.0,1.0,0.0,1.0,0.0,0.0,0.0,0.0,1.0
rxn04454_c,1.0,0.0,0.0,0.0,0.0,0.0,0.0,0.0,0.0
rxn10204_c,1.0,1.0,0.0,1.0,0.0,0.0,0.0,0.0,0.0
rxn05106_c,1.0,0.0,0.0,0.0,0.0,0.0,0.0,0.0,1.0
rxn03409_c,1.0,1.0,1.0,1.0,1.0,0.0,0.0,0.0,1.0
rxn03885_c,1.0,1.0,0.0,1.0,0.0,1.0,0.0,0.0,0.0
rxn01679_c,0.0,0.0,0.0,0.0,0.0,0.0,0.0,0.0,0.0
rxn10199_c,1.0,1.0,1.0,1.0,1.0,1.0,1.0,0.0,1.0
rxn10116_c,0.0,1.0,0.0,1.0,0.0,0.0,1.0,0.0,0.0
rxn10120_c,0.0,1.0,0.0,1.0,1.0,0.0,0.0,0.0,0.0
rxn09151_c,0.0,0.0,0.0,0.0,0.0,0.0,0.0,0.0,0.0
rxn10192_c,0.0,0.0,0.0,0.0,0.0,0.0,0.0,0.0,0.0
rxn05534_c,1.0,0.0,1.0,0.0,0.0,0.0,0.0,0.0,0.0
rxn03642_c,0.0,0.0,0.0,0.0,0.0,0.0,0.0,0.0,0.0
rxn01706_c,0.0,0.0,0.0,0.0,0.0,0.0,0.0,0.0,0.0
rxn02363_c,0.0,0.0,0.0,1.0,0.0,0.0,0.0,0.0,0.0
rxn01985_c,1.0,1.0,1.0,1.0,1.0,1.0,1.0,0.0,1.0
rxn10123_c,0.0,0.0,0.0,0.0,0.0,0.0,0.0,0.0,0.0
rxn09137_c,0.0,0.0,0.0,0.0,0.0,0.0,0.0,0.0,0.0
rxn10052_c,1.0,1.0,1.0,1.0,1.0,1.0,1.0,0.0,1.0
rxn00193_c,1.0,1.0,1.0,1.0,1.0,1.0,1.0,0.0,1.0
rxn10272_c,0.0,0.0,0.0,0.0,0.0,0.0,0.0,0.0,0.0
rxn05326_c,0.0,1.0,1.0,1.0,1.0,1.0,1.0,0.0,1.0
rxn00653_c,1.0,0.0,1.0,1.0,1.0,0.0,1.0,0.0,1.0
rxn08335_c,0.0,0.0,0.0,0.0,0.0,0.0,0.0,0.0,0.0
rxn01403_c,0.0,1.0,0.0,1.0,0.0,0.0,0.0,0.0,0.0
rxn00138_c,1.0,1.0,1.0,1.0,1.0,1.0,1.0,0.0,1.0
rxn01404_c,0.0,1.0,0.0,1.0,0.0,0.0,0.0,0.0,0.0
rxn00137_c,0.0,1.0,1.0,1.0,1.0,1.0,1.0,0.0,1.0
rxn00611_c,1.0,1.0,1.0,1.0,1.0,1.0,1.0,0.0,1.0
rxn02167_c,1.0,1.0,1.0,1.0,1.0,0.0,1.0,0.0,1.0
rxn01858_c,0.0,1.0,1.0,1.0,1.0,1.0,1.0,0.0,1.0
rxn09450_c,1.0,1.0,1.0,1.0,1.0,1.0,1.0,0.0,1.0
rxn01324_c,0.0,0.0,0.0,0.0,0.0,0.0,0.0,0.0,0.0
rxn00231_c,1.0,1.0,0.0,1.0,1.0,0.0,0.0,0.0,1.0
rxn02297_c,1.0,1.0,0.0,1.0,1.0,0.0,0.0,0.0,1.0
rxn05206_c,1.0,1.0,1.0,1.0,1.0,0.0,1.0,0.0,1.0
rxn10169_c,0.0,1.0,0.0,1.0,0.0,0.0,0.0,0.0,0.0
rxn00467_c,1.0,0.0,0.0,0.0,0.0,1.0,1.0,0.0,1.0
rxn02222_c,1.0,1.0,0.0,1.0,1.0,0.0,0.0,0.0,1.0
rxn03130_c,0.0,1.0,0.0,1.0,0.0,1.0,1.0,0.0,0.0
rxn01791_c,1.0,1.0,0.0,1.0,1.0,1.0,1.0,0.0,1.0
rxn10823_c,0.0,0.0,0.0,0.0,0.0,0.0,0.0,0.0,0.0
rxn00692_c,1.0,1.0,1.0,1.0,1.0,1.0,1.0,0.0,1.0
rxn03407_c,1.0,1.0,1.0,1.0,1.0,0.0,0.0,0.0,1.0
rxn05543_c,1.0,0.0,1.0,0.0,0.0,0.0,0.0,0.0,0.0
rxn01205_c,0.0,0.0,0.0,0.0,0.0,0.0,0.0,0.0,0.0
rxn02346_c,0.0,1.0,0.0,1.0,0.0,0.0,0.0,0.0,0.0
rxn05937_c,0.0,1.0,1.0,1.0,1.0,0.0,0.0,1.0,1.0
rxn10220_c,1.0,1.0,1.0,1.0,1.0,1.0,1.0,0.0,1.0
rxn08816_c,1.0,1.0,1.0,1.0,1.0,0.0,1.0,0.0,1.0
rxn01923_c,0.0,0.0,0.0,0.0,0.0,1.0,1.0,0.0,1.0
rxn03182_c,0.0,0.0,0.0,0.0,0.0,0.0,0.0,0.0,0.0
rxn01080_c,0.0,1.0,1.0,1.0,0.0,1.0,0.0,0.0,0.0
rxn00168_c,0.0,0.0,0.0,1.0,0.0,0.0,0.0,0.0,0.0
rxn01303_c,0.0,0.0,0.0,0.0,0.0,0.0,0.0,0.0,1.0
rxn09108_c,1.0,1.0,1.0,1.0,1.0,0.0,0.0,0.0,1.0
rxn08257_c,0.0,1.0,0.0,1.0,0.0,0.0,0.0,0.0,0.0
rxn01127_c,1.0,1.0,1.0,1.0,1.0,1.0,1.0,0.0,1.0
rxn05333_c,0.0,0.0,0.0,0.0,0.0,0.0,0.0,0.0,0.0
rxn00926_c,1.0,1.0,1.0,1.0,0.0,0.0,0.0,0.0,0.0
rxn04016_c,0.0,1.0,0.0,0.0,0.0,0.0,0.0,0.0,1.0
rxn03246_c,1.0,1.0,1.0,1.0,1.0,0.0,1.0,0.0,1.0
rxn00497_c,0.0,0.0,0.0,0.0,0.0,1.0,0.0,0.0,0.0
rxn02144_c,0.0,0.0,1.0,1.0,1.0,0.0,0.0,0.0,1.0
rxn01355_c,0.0,0.0,1.0,0.0,1.0,0.0,0.0,0.0,0.0
rxn04745_c,1.0,0.0,0.0,0.0,0.0,0.0,0.0,0.0,0.0
rxn00274_c,1.0,1.0,0.0,1.0,0.0,1.0,1.0,0.0,1.0
rxn09449_c,1.0,1.0,1.0,1.0,1.0,1.0,1.0,0.0,1.0
rxn05605_c,0.0,1.0,0.0,1.0,0.0,0.0,0.0,0.0,0.0
rxn00715_c,1.0,1.0,0.0,1.0,0.0,1.0,1.0,0.0,0.0
rxn01019_c,1.0,1.0,1.0,1.0,1.0,1.0,0.0,1.0,1.0
rxn10315_c,0.0,0.0,0.0,0.0,0.0,0.0,0.0,0.0,0.0
rxn04050_c,0.0,0.0,0.0,0.0,0.0,0.0,0.0,0.0,0.0
rxn12849_c,1.0,0.0,1.0,0.0,0.0,0.0,0.0,0.0,0.0
rxn05593_c,0.0,0.0,0.0,0.0,0.0,0.0,0.0,0.0,0.0
rxn02318_c,0.0,0.0,0.0,0.0,0.0,0.0,0.0,0.0,0.0
rxn00686_c,1.0,1.0,1.0,1.0,1.0,1.0,1.0,0.0,1.0
rxn05105_c,1.0,0.0,0.0,0.0,0.0,0.0,0.0,0.0,1.0
rxn00409_c,1.0,1.0,1.0,1.0,1.0,1.0,1.0,0.0,1.0
rxn05604_c,0.0,0.0,0.0,0.0,0.0,0.0,0.0,0.0,0.0
rxn09145_c,0.0,0.0,0.0,0.0,0.0,0.0,0.0,0.0,0.0
rxn00117_c,1.0,1.0,1.0,1.0,1.0,1.0,1.0,0.0,1.0
rxn00400_c,1.0,0.0,0.0,0.0,0.0,0.0,0.0,0.0,1.0
rxn01641_c,0.0,0.0,0.0,0.0,0.0,1.0,1.0,0.0,0.0
rxn00493_c,1.0,1.0,1.0,1.0,1.0,1.0,0.0,1.0,1.0
rxn00933_c,0.0,0.0,0.0,0.0,0.0,0.0,0.0,0.0,0.0
rxn05383_c,1.0,1.0,1.0,1.0,1.0,1.0,1.0,0.0,1.0
rxn10196_c,0.0,0.0,0.0,0.0,0.0,0.0,0.0,0.0,0.0
rxn02959_c,0.0,0.0,0.0,0.0,0.0,0.0,0.0,0.0,0.0
rxn05561_c,0.0,1.0,1.0,1.0,1.0,0.0,0.0,0.0,0.0
rxn08977_c,0.0,0.0,0.0,0.0,0.0,0.0,0.0,0.0,0.0
rxn10298_c,0.0,0.0,0.0,0.0,0.0,0.0,0.0,0.0,0.0
rxn02177_c,0.0,1.0,0.0,1.0,1.0,1.0,0.0,0.0,1.0
rxn05250_c,1.0,1.0,1.0,1.0,1.0,1.0,1.0,0.0,1.0
rxn00247_c,1.0,1.0,1.0,1.0,1.0,1.0,0.0,0.0,0.0
rxn10205_c,1.0,1.0,0.0,1.0,0.0,0.0,0.0,0.0,0.0
rxn02360_c,0.0,0.0,0.0,0.0,0.0,0.0,0.0,0.0,1.0
rxn00022_c,1.0,1.0,1.0,1.0,1.0,1.0,0.0,0.0,1.0
rxn03883_c,0.0,0.0,0.0,0.0,0.0,0.0,0.0,0.0,0.0
rxn00654_c,0.0,0.0,1.0,0.0,0.0,0.0,0.0,0.0,0.0
rxn01362_c,1.0,1.0,1.0,1.0,1.0,1.0,1.0,0.0,1.0
rxn10278_c,0.0,0.0,0.0,0.0,0.0,0.0,0.0,0.0,0.0
rxn13783_c,1.0,1.0,1.0,1.0,1.0,1.0,1.0,1.0,1.0
rxn00225_c,1.0,1.0,1.0,1.0,0.0,1.0,0.0,0.0,1.0
rxn12008_c,0.0,1.0,0.0,1.0,0.0,0.0,0.0,0.0,1.0
rxn01358_c,1.0,1.0,1.0,1.0,1.0,1.0,1.0,0.0,1.0
rxn03433_c,0.0,0.0,0.0,0.0,1.0,0.0,0.0,0.0,0.0
rxn01867_c,0.0,1.0,1.0,1.0,1.0,0.0,0.0,0.0,1.0
rxn00612_c,1.0,1.0,1.0,1.0,1.0,1.0,1.0,0.0,1.0
rxn01705_c,0.0,0.0,0.0,0.0,0.0,0.0,0.0,0.0,0.0
rxn05162_c,0.0,0.0,0.0,0.0,0.0,0.0,0.0,0.0,0.0
rxn00192_c,1.0,1.0,1.0,1.0,1.0,0.0,0.0,0.0,1.0
rxn01218_c,0.0,1.0,1.0,1.0,1.0,1.0,1.0,0.0,1.0
rxn05535_c,1.0,0.0,1.0,0.0,0.0,0.0,0.0,0.0,0.0
rxn05654_c,0.0,1.0,1.0,1.0,1.0,0.0,0.0,0.0,0.0
rxn09130_c,0.0,0.0,0.0,0.0,0.0,0.0,0.0,0.0,0.0
rxn00501_c,0.0,0.0,1.0,0.0,1.0,0.0,0.0,0.0,0.0
rxn01602_c,1.0,1.0,1.0,1.0,1.0,1.0,1.0,0.0,1.0
rxn00262_c,1.0,1.0,0.0,1.0,0.0,1.0,1.0,0.0,1.0
rxn03068_c,0.0,0.0,0.0,0.0,0.0,0.0,0.0,0.0,0.0
rxn05404_c,1.0,1.0,1.0,1.0,1.0,1.0,1.0,0.0,1.0
rxn04048_c,0.0,0.0,0.0,0.0,0.0,0.0,0.0,0.0,0.0
rxn08084_c,0.0,0.0,0.0,0.0,0.0,0.0,1.0,0.0,0.0
rxn05334_c,0.0,0.0,0.0,0.0,0.0,0.0,0.0,0.0,0.0
rxn01843_c,1.0,1.0,0.0,1.0,1.0,0.0,0.0,0.0,1.0
rxn00816_c,0.0,1.0,1.0,1.0,0.0,1.0,1.0,0.0,1.0
rxn01021_c,1.0,1.0,1.0,1.0,0.0,0.0,0.0,0.0,0.0
rxn00834_c,1.0,1.0,1.0,1.0,1.0,1.0,1.0,0.0,1.0
rxn05542_c,1.0,0.0,1.0,0.0,0.0,0.0,0.0,0.0,0.0
rxn09685_c,0.0,1.0,0.0,0.0,0.0,1.0,1.0,0.0,0.0
rxn00671_c,0.0,0.0,1.0,0.0,1.0,0.0,0.0,0.0,0.0
rxn08817_c,1.0,1.0,1.0,1.0,1.0,0.0,1.0,0.0,1.0
rxn08710_c,0.0,0.0,0.0,0.0,0.0,0.0,0.0,0.0,0.0
rxn01297_c,0.0,1.0,1.0,1.0,1.0,0.0,0.0,0.0,1.0
rxn03181_c,0.0,1.0,1.0,1.0,1.0,1.0,1.0,0.0,0.0
rxn02331_c,0.0,1.0,1.0,1.0,1.0,1.0,0.0,0.0,0.0
rxn00947_c,1.0,1.0,1.0,1.0,1.0,1.0,1.0,0.0,1.0
rxn03247_c,1.0,1.0,1.0,1.0,1.0,0.0,1.0,0.0,1.0
rxn09148_c,0.0,0.0,0.0,0.0,0.0,0.0,0.0,0.0,0.0
rxn03248_c,1.0,1.0,1.0,1.0,1.0,0.0,1.0,0.0,1.0
rxn08127_c,0.0,1.0,1.0,1.0,0.0,1.0,1.0,0.0,1.0
rxn05386_c,0.0,0.0,0.0,0.0,0.0,0.0,0.0,0.0,0.0
rxn01642_c,1.0,0.0,0.0,0.0,0.0,1.0,1.0,0.0,1.0
rxn05416_c,0.0,0.0,0.0,0.0,0.0,0.0,0.0,0.0,0.0
rxn08669_c,1.0,1.0,1.0,1.0,1.0,0.0,1.0,0.0,1.0
rxn00361_c,0.0,1.0,1.0,1.0,1.0,0.0,1.0,0.0,1.0
rxn05104_c,1.0,0.0,0.0,0.0,0.0,0.0,0.0,0.0,1.0
rxn10202_c,1.0,1.0,0.0,1.0,0.0,0.0,0.0,0.0,0.0
rxn08471_c,0.0,0.0,0.0,0.0,0.0,0.0,0.0,0.0,0.0
rxn05420_c,0.0,0.0,0.0,0.0,0.0,0.0,0.0,0.0,0.0
rxn03887_c,0.0,1.0,0.0,1.0,0.0,0.0,0.0,0.0,0.0
rxn08838_c,1.0,1.0,1.0,1.0,1.0,0.0,1.0,0.0,1.0
rxn00327_c,0.0,0.0,0.0,0.0,0.0,0.0,0.0,0.0,0.0
rxn05024_c,0.0,1.0,0.0,1.0,0.0,1.0,0.0,0.0,1.0
rxn10197_c,0.0,0.0,0.0,0.0,0.0,0.0,0.0,0.0,0.0
rxn05569_c,1.0,1.0,0.0,1.0,0.0,0.0,0.0,0.0,1.0
rxn00452_c,0.0,0.0,0.0,1.0,1.0,0.0,0.0,0.0,1.0
rxn03436_c,0.0,0.0,0.0,0.0,0.0,0.0,0.0,0.0,0.0
rxn08583_c,0.0,0.0,0.0,1.0,0.0,0.0,0.0,0.0,0.0
rxn05560_c,1.0,1.0,0.0,1.0,0.0,0.0,0.0,0.0,1.0
rxn05158_c,0.0,1.0,1.0,1.0,0.0,0.0,0.0,0.0,1.0
rxn08976_c,1.0,1.0,1.0,1.0,0.0,1.0,0.0,0.0,1.0
rxn09135_c,0.0,0.0,0.0,0.0,0.0,0.0,0.0,0.0,0.0
rxn01621_c,0.0,1.0,0.0,1.0,0.0,1.0,1.0,0.0,1.0
rxn05324_c,0.0,1.0,1.0,1.0,1.0,1.0,1.0,0.0,1.0
rxn10481_c,1.0,1.0,1.0,1.0,1.0,1.0,1.0,0.0,1.0
rxn01492_c,1.0,1.0,1.0,1.0,0.0,0.0,0.0,0.0,1.0
rxn02761_c,0.0,0.0,0.0,0.0,0.0,0.0,0.0,0.0,0.0
rxn10308_c,0.0,0.0,0.0,0.0,0.0,0.0,0.0,0.0,0.0
rxn10235_c,1.0,1.0,1.0,1.0,1.0,1.0,1.0,0.0,1.0
rxn00016_c,0.0,0.0,0.0,0.0,0.0,1.0,0.0,0.0,0.0
rxn03958_c,1.0,1.0,1.0,1.0,1.0,1.0,0.0,0.0,1.0
rxn00038_c,0.0,0.0,0.0,0.0,0.0,0.0,0.0,0.0,0.0
rxn05161_c,0.0,0.0,0.0,0.0,1.0,0.0,0.0,0.0,0.0
rxn10167_c,0.0,1.0,0.0,0.0,0.0,0.0,0.0,0.0,0.0
rxn01022_c,0.0,0.0,1.0,0.0,1.0,1.0,0.0,0.0,0.0
rxn02113_c,0.0,0.0,0.0,0.0,0.0,0.0,0.0,0.0,0.0
rxn04713_c,0.0,0.0,0.0,0.0,0.0,0.0,0.0,0.0,0.0
rxn05541_c,1.0,0.0,1.0,0.0,0.0,0.0,0.0,0.0,0.0
rxn00727_c,1.0,1.0,1.0,1.0,1.0,1.0,1.0,1.0,1.0
rxn05127_c,0.0,1.0,0.0,1.0,0.0,0.0,0.0,0.0,0.0
rxn00623_c,0.0,1.0,1.0,1.0,1.0,1.0,0.0,0.0,0.0
rxn05681_c,0.0,1.0,0.0,1.0,0.0,0.0,0.0,0.0,0.0
rxn10264_c,1.0,1.0,1.0,1.0,1.0,0.0,0.0,0.0,1.0
rxn01111_c,0.0,0.0,0.0,0.0,1.0,0.0,0.0,0.0,0.0
rxn02791_c,1.0,1.0,1.0,1.0,1.0,0.0,1.0,0.0,1.0
rxn01925_c,1.0,0.0,0.0,0.0,0.0,1.0,1.0,0.0,1.0
rxn05335_c,0.0,0.0,0.0,0.0,0.0,0.0,0.0,0.0,0.0
rxn00679_c,0.0,1.0,0.0,1.0,0.0,0.0,0.0,0.0,0.0
rxn05234_c,0.0,1.0,0.0,1.0,0.0,0.0,0.0,0.0,0.0
rxn00272_c,0.0,0.0,0.0,0.0,0.0,0.0,0.0,0.0,0.0
rxn05239_c,1.0,1.0,1.0,1.0,1.0,1.0,1.0,0.0,1.0
rxn00672_c,0.0,1.0,0.0,0.0,0.0,1.0,0.0,0.0,0.0
rxn02275_c,1.0,1.0,0.0,1.0,1.0,0.0,0.0,0.0,1.0
rxn00790_c,1.0,1.0,1.0,1.0,1.0,1.0,1.0,0.0,1.0
rxn12432_c,0.0,0.0,0.0,0.0,0.0,0.0,0.0,0.0,0.0
rxn05607_c,1.0,1.0,0.0,1.0,0.0,0.0,0.0,0.0,1.0
rxn05229_c,0.0,0.0,0.0,0.0,0.0,0.0,0.0,0.0,0.0
rxn08300_c,1.0,1.0,0.0,1.0,0.0,0.0,1.0,0.0,0.0
rxn01643_c,1.0,1.0,1.0,1.0,1.0,1.0,1.0,1.0,1.0
rxn05385_c,0.0,0.0,1.0,1.0,0.0,1.0,0.0,0.0,0.0
rxn06937_c,1.0,1.0,1.0,1.0,1.0,1.0,1.0,1.0,1.0
rxn05564_c,0.0,1.0,0.0,1.0,0.0,0.0,0.0,0.0,0.0
rxn05563_c,0.0,1.0,0.0,0.0,0.0,0.0,0.0,0.0,0.0
rxn01108_c,0.0,0.0,0.0,0.0,0.0,0.0,0.0,0.0,1.0
rxn00609_c,0.0,0.0,0.0,0.0,0.0,0.0,0.0,0.0,1.0
rxn01304_c,1.0,1.0,1.0,1.0,1.0,1.0,0.0,0.0,0.0
rxn02760_c,0.0,0.0,0.0,0.0,0.0,0.0,0.0,0.0,0.0
rxn06777_c,1.0,1.0,1.0,1.0,1.0,0.0,1.0,0.0,1.0
rxn05256_c,1.0,1.0,1.0,1.0,1.0,1.0,1.0,0.0,1.0
rxn02175_c,1.0,1.0,1.0,1.0,1.0,1.0,1.0,0.0,1.0
rxn10203_c,1.0,1.0,0.0,1.0,0.0,0.0,0.0,0.0,0.0
rxn00245_c,0.0,1.0,1.0,0.0,1.0,0.0,0.0,0.0,0.0
rxn00020_c,0.0,1.0,1.0,1.0,0.0,1.0,1.0,0.0,1.0
rxn03884_c,1.0,1.0,1.0,1.0,1.0,1.0,1.0,0.0,1.0
rxn00324_c,0.0,0.0,1.0,0.0,1.0,1.0,0.0,0.0,0.0
rxn08839_c,1.0,1.0,1.0,1.0,1.0,0.0,1.0,0.0,1.0
rxn01575_c,1.0,1.0,1.0,1.0,1.0,1.0,1.0,0.0,1.0
rxn01454_c,0.0,0.0,0.0,0.0,0.0,0.0,1.0,0.0,0.0
rxn00656_c,0.0,0.0,1.0,0.0,1.0,0.0,0.0,0.0,0.0
rxn01236_c,0.0,0.0,0.0,0.0,0.0,0.0,0.0,0.0,0.0
rxn00227_c,0.0,0.0,0.0,0.0,0.0,0.0,0.0,0.0,0.0
rxn03435_c,0.0,0.0,0.0,0.0,0.0,0.0,0.0,0.0,0.0
rxn05159_c,0.0,0.0,0.0,0.0,0.0,0.0,0.0,0.0,0.0
rxn07845_c,0.0,1.0,0.0,1.0,0.0,0.0,0.0,0.0,0.0
rxn01629_c,0.0,0.0,0.0,0.0,1.0,0.0,0.0,0.0,0.0
rxn09136_c,0.0,0.0,0.0,0.0,0.0,0.0,0.0,0.0,0.0
rxn00190_c,1.0,0.0,1.0,0.0,1.0,1.0,1.0,0.0,1.0
rxn05327_c,0.0,1.0,1.0,1.0,1.0,1.0,1.0,0.0,1.0
rxn04143_c,0.0,0.0,0.0,0.0,0.0,0.0,0.0,0.0,0.0
rxn02762_c,1.0,1.0,1.0,1.0,0.0,0.0,0.0,0.0,1.0
rxn00503_c,1.0,1.0,1.0,1.0,1.0,1.0,1.0,0.0,1.0
rxn00139_c,1.0,1.0,1.0,1.0,1.0,1.0,0.0,0.0,1.0
rxn00541_c,0.0,1.0,1.0,1.0,0.0,1.0,1.0,0.0,1.0
rxn11946_c,0.0,1.0,1.0,1.0,1.0,0.0,0.0,0.0,0.0
rxn01489_c,0.0,0.0,0.0,0.0,0.0,0.0,1.0,0.0,1.0
rxn01912_c,0.0,1.0,0.0,1.0,0.0,0.0,0.0,0.0,0.0
rxn08086_c,0.0,0.0,0.0,0.0,0.0,0.0,1.0,0.0,0.0
rxn03919_c,0.0,0.0,0.0,0.0,0.0,0.0,0.0,0.0,0.0
rxn03175_c,1.0,1.0,1.0,1.0,1.0,1.0,1.0,1.0,1.0
rxn02985_c,0.0,0.0,0.0,0.0,0.0,0.0,0.0,0.0,0.0
rxn05336_c,0.0,0.0,1.0,1.0,0.0,1.0,0.0,0.0,0.0
rxn02112_c,0.0,0.0,0.0,0.0,0.0,0.0,0.0,0.0,0.0
rxn05540_c,1.0,0.0,1.0,0.0,0.0,0.0,0.0,0.0,0.0
rxn00285_c,1.0,1.0,1.0,1.0,1.0,1.0,1.0,0.0,1.0
rxn02181_c,1.0,1.0,1.0,1.0,1.0,0.0,1.0,0.0,1.0
rxn01204_c,0.0,1.0,0.0,1.0,0.0,0.0,0.0,0.0,1.0
rxn02341_c,1.0,1.0,1.0,1.0,1.0,1.0,1.0,0.0,1.0
rxn01045_c,0.0,0.0,0.0,0.0,0.0,0.0,0.0,0.0,0.0
rxn08815_c,1.0,1.0,1.0,1.0,1.0,0.0,1.0,0.0,1.0
rxn08712_c,0.0,0.0,0.0,0.0,0.0,0.0,0.0,0.0,0.0
rxn00058_c,1.0,0.0,1.0,0.0,1.0,1.0,1.0,0.0,1.0
rxn05381_c,0.0,0.0,0.0,0.0,0.0,0.0,0.0,0.0,0.0
rxn08941_c,0.0,1.0,0.0,1.0,0.0,0.0,0.0,0.0,0.0
rxn01169_c,1.0,1.0,1.0,1.0,1.0,1.0,1.0,1.0,1.0
rxn03159_c,0.0,1.0,1.0,1.0,1.0,1.0,1.0,0.0,0.0
rxn01000_c,1.0,1.0,1.0,1.0,1.0,1.0,0.0,1.0,1.0
rxn03397_c,0.0,0.0,0.0,0.0,0.0,0.0,0.0,0.0,0.0
rxn00363_c,0.0,1.0,1.0,1.0,1.0,1.0,1.0,0.0,1.0
rxn05188_c,0.0,1.0,0.0,1.0,0.0,0.0,0.0,0.0,0.0
rxn05183_c,1.0,1.0,0.0,1.0,0.0,0.0,0.0,0.0,1.0
rxn10322_c,0.0,0.0,0.0,0.0,0.0,0.0,0.0,0.0,0.0
rxn01300_c,1.0,1.0,0.0,1.0,1.0,0.0,1.0,1.0,1.0
rxn00321_c,1.0,1.0,0.0,1.0,0.0,0.0,0.0,0.0,1.0
rxn03012_c,1.0,1.0,1.0,1.0,1.0,1.0,1.0,1.0,1.0
rxn10195_c,0.0,0.0,0.0,0.0,0.0,0.0,0.0,0.0,0.0
rxn09197_c,1.0,1.0,1.0,1.0,1.0,1.0,1.0,0.0,1.0
rxn03085_c,0.0,0.0,0.0,0.0,0.0,0.0,0.0,0.0,0.0
rxn09188_c,0.0,0.0,0.0,0.0,0.0,0.0,0.0,0.0,0.0
rxn01255_c,1.0,1.0,1.0,1.0,1.0,1.0,1.0,1.0,1.0
rxn02366_c,0.0,0.0,0.0,1.0,0.0,0.0,0.0,0.0,0.0
rxn10299_c,0.0,0.0,0.0,0.0,0.0,0.0,0.0,0.0,0.0
rxn05251_c,1.0,1.0,1.0,1.0,1.0,1.0,1.0,0.0,1.0
rxn02832_c,0.0,1.0,0.0,1.0,0.0,1.0,0.0,0.0,1.0
rxn01981_c,0.0,0.0,0.0,0.0,0.0,0.0,0.0,0.0,0.0
rxn05322_c,0.0,1.0,1.0,1.0,1.0,1.0,1.0,0.0,1.0
rxn00772_c,1.0,1.0,1.0,1.0,1.0,1.0,1.0,0.0,1.0
rxn00966_c,0.0,1.0,0.0,1.0,0.0,0.0,0.0,0.0,0.0
rxn13782_c,1.0,1.0,1.0,1.0,1.0,1.0,1.0,1.0,1.0
rxn00847_c,0.0,0.0,0.0,0.0,0.0,0.0,0.0,0.0,0.0
rxn01917_c,0.0,0.0,0.0,0.0,1.0,0.0,0.0,0.0,0.0
rxn01748_c,0.0,1.0,0.0,0.0,0.0,0.0,0.0,0.0,1.0
rxn01548_c,1.0,1.0,1.0,1.0,1.0,1.0,1.0,0.0,1.0
rxn08851_c,1.0,1.0,1.0,1.0,1.0,0.0,1.0,0.0,1.0
rxn10865_c,0.0,0.0,0.0,0.0,0.0,0.0,0.0,0.0,0.0
rxn01522_c,0.0,1.0,1.0,1.0,1.0,0.0,0.0,0.0,1.0
rxn05549_c,0.0,0.0,0.0,0.0,0.0,0.0,0.0,0.0,0.0
rxn05163_c,0.0,1.0,0.0,1.0,1.0,0.0,0.0,0.0,0.0
rxn09315_c,0.0,0.0,0.0,0.0,0.0,0.0,0.0,0.0,0.0
rxn05547_c,1.0,0.0,1.0,0.0,0.0,0.0,0.0,0.0,0.0
rxn01201_c,0.0,0.0,0.0,0.0,0.0,0.0,0.0,0.0,0.0
rxn05506_c,0.0,0.0,0.0,0.0,0.0,0.0,0.0,0.0,0.0
rxn10305_c,0.0,0.0,0.0,0.0,0.0,0.0,0.0,0.0,0.0
rxn07587_c,0.0,0.0,0.0,0.0,0.0,0.0,0.0,0.0,0.0
rxn08812_c,1.0,1.0,1.0,1.0,1.0,0.0,1.0,0.0,1.0
rxn00546_c,1.0,1.0,0.0,1.0,0.0,0.0,0.0,0.0,0.0
rxn00006_c,0.0,0.0,0.0,0.0,0.0,0.0,0.0,0.0,0.0
rxn08085_c,0.0,0.0,0.0,0.0,0.0,0.0,1.0,0.0,0.0
rxn02986_c,0.0,0.0,0.0,0.0,0.0,0.0,1.0,0.0,0.0
rxn01927_c,0.0,0.0,0.0,0.0,0.0,0.0,1.0,0.0,1.0
rxn05337_c,0.0,0.0,1.0,1.0,0.0,1.0,0.0,0.0,0.0
rxn01477_c,0.0,1.0,1.0,1.0,1.0,0.0,0.0,0.0,1.0
rxn02789_c,1.0,1.0,1.0,1.0,1.0,1.0,0.0,1.0,1.0
rxn02811_c,1.0,1.0,1.0,1.0,1.0,1.0,0.0,1.0,1.0
rxn05608_c,1.0,1.0,1.0,1.0,1.0,0.0,0.0,0.0,0.0
rxn00670_c,0.0,1.0,1.0,1.0,1.0,1.0,0.0,0.0,0.0
rxn00792_c,0.0,0.0,0.0,0.0,0.0,0.0,0.0,0.0,0.0
rxn02277_c,0.0,0.0,0.0,0.0,0.0,0.0,0.0,0.0,0.0
rxn08711_c,0.0,1.0,0.0,1.0,0.0,1.0,1.0,0.0,0.0
rxn08291_c,0.0,0.0,0.0,0.0,0.0,0.0,0.0,0.0,0.0
rxn03491_c,0.0,0.0,0.0,0.0,0.0,0.0,0.0,0.0,0.0
rxn05673_c,0.0,1.0,0.0,1.0,0.0,1.0,0.0,0.0,0.0
rxn02332_c,0.0,0.0,0.0,0.0,0.0,0.0,0.0,0.0,0.0
rxn01607_c,0.0,0.0,0.0,0.0,0.0,1.0,1.0,0.0,0.0
rxn01134_c,0.0,0.0,0.0,0.0,0.0,0.0,0.0,0.0,1.0
rxn00941_c,0.0,0.0,0.0,0.0,0.0,0.0,0.0,0.0,0.0
rxn06729_c,0.0,1.0,1.0,1.0,1.0,1.0,1.0,0.0,1.0
rxn05380_c,0.0,0.0,1.0,1.0,0.0,1.0,0.0,0.0,0.0
rxn09149_c,0.0,0.0,0.0,0.0,0.0,0.0,0.0,0.0,0.0
rxn01524_c,0.0,0.0,0.0,0.0,0.0,0.0,0.0,0.0,0.0
rxn08126_c,0.0,1.0,1.0,1.0,0.0,1.0,1.0,0.0,1.0
rxn05387_c,0.0,0.0,0.0,0.0,0.0,0.0,0.0,0.0,0.0
rxn12645_c,1.0,1.0,1.0,1.0,1.0,1.0,1.0,1.0,1.0
rxn10174_c,1.0,1.0,1.0,1.0,1.0,0.0,0.0,0.0,0.0
rxn01220_c,0.0,0.0,0.0,0.0,0.0,0.0,0.0,0.0,0.0
rxn05566_c,0.0,1.0,0.0,1.0,0.0,1.0,0.0,1.0,0.0
rxn01226_c,1.0,0.0,1.0,0.0,1.0,1.0,0.0,0.0,1.0
rxn07435_c,1.0,0.0,1.0,0.0,0.0,1.0,1.0,0.0,1.0
rxn01106_c,1.0,1.0,1.0,1.0,1.0,1.0,1.0,0.0,1.0
rxn07433_c,1.0,0.0,1.0,0.0,0.0,1.0,1.0,0.0,1.0
rxn01188_c,0.0,0.0,0.0,0.0,0.0,0.0,0.0,0.0,0.0
rxn08756_c,1.0,1.0,1.0,1.0,1.0,1.0,0.0,0.0,1.0
rxn08470_c,0.0,0.0,0.0,0.0,0.0,0.0,0.0,0.0,0.0
rxn08846_c,1.0,1.0,1.0,1.0,1.0,0.0,1.0,0.0,1.0
rxn03437_c,1.0,1.0,1.0,1.0,1.0,1.0,0.0,1.0,1.0
rxn10113_c,1.0,1.0,1.0,1.0,1.0,1.0,1.0,1.0,1.0
rxn00340_c,0.0,1.0,0.0,1.0,0.0,0.0,0.0,0.0,0.0
rxn05539_c,1.0,0.0,1.0,0.0,0.0,0.0,0.0,0.0,0.0
rxn10160_c,0.0,1.0,0.0,1.0,0.0,0.0,0.0,0.0,0.0
rxn09134_c,0.0,0.0,0.0,0.0,0.0,0.0,0.0,0.0,0.0
rxn02680_c,1.0,1.0,1.0,1.0,1.0,0.0,1.0,0.0,1.0
rxn05405_c,0.0,0.0,1.0,1.0,0.0,1.0,0.0,0.0,0.0
rxn05363_c,1.0,1.0,1.0,1.0,1.0,1.0,1.0,0.0,1.0
rxn00196_c,0.0,0.0,0.0,0.0,0.0,0.0,0.0,0.0,0.0
rxn01620_c,0.0,1.0,0.0,0.0,0.0,0.0,0.0,0.0,0.0
rxn00505_c,1.0,0.0,0.0,0.0,0.0,0.0,0.0,0.0,0.0
rxn05325_c,0.0,1.0,1.0,1.0,1.0,1.0,1.0,0.0,1.0
rxn02934_c,1.0,1.0,1.0,1.0,1.0,0.0,1.0,0.0,1.0
rxn08089_c,0.0,0.0,0.0,0.0,0.0,0.0,1.0,0.0,0.0
rxn10269_c,0.0,1.0,1.0,1.0,1.0,0.0,0.0,0.0,0.0
rxn00543_c,1.0,1.0,1.0,1.0,1.0,0.0,1.0,0.0,1.0
rxn00132_c,0.0,1.0,1.0,1.0,1.0,1.0,1.0,0.0,1.0
rxn03034_c,0.0,0.0,0.0,0.0,0.0,0.0,0.0,0.0,0.0
rxn00768_c,0.0,0.0,0.0,0.0,0.0,0.0,0.0,0.0,0.0
rxn05231_c,1.0,1.0,1.0,1.0,0.0,0.0,0.0,0.0,1.0
rxn05546_c,1.0,0.0,1.0,0.0,0.0,0.0,0.0,0.0,0.0
rxn00283_c,1.0,1.0,1.0,1.0,1.0,1.0,1.0,0.0,1.0
rxn00726_c,1.0,1.0,1.0,1.0,1.0,1.0,1.0,1.0,1.0
rxn01847_c,0.0,0.0,0.0,0.0,0.0,0.0,0.0,0.0,0.0
rxn00379_c,0.0,1.0,0.0,1.0,0.0,1.0,1.0,0.0,1.0
rxn07586_c,0.0,0.0,0.0,0.0,0.0,0.0,0.0,0.0,0.0
rxn02187_c,0.0,0.0,0.0,0.0,0.0,0.0,0.0,0.0,0.0
rxn00675_c,0.0,0.0,0.0,0.0,0.0,0.0,0.0,0.0,0.0
rxn08813_c,1.0,1.0,1.0,1.0,1.0,0.0,1.0,0.0,1.0
rxn05602_c,0.0,1.0,0.0,1.0,0.0,0.0,0.0,0.0,0.0
rxn01476_c,0.0,1.0,1.0,1.0,1.0,1.0,0.0,0.0,1.0
rxn02925_c,0.0,0.0,1.0,0.0,1.0,0.0,0.0,0.0,0.0
rxn10257_c,1.0,1.0,0.0,1.0,0.0,0.0,1.0,0.0,0.0
rxn06586_c,1.0,0.0,0.0,0.0,0.0,1.0,1.0,0.0,1.0
rxn00151_c,1.0,0.0,1.0,0.0,1.0,1.0,0.0,0.0,1.0
rxn08943_c,0.0,1.0,0.0,1.0,0.0,0.0,0.0,0.0,0.0
rxn04152_c,0.0,0.0,0.0,0.0,0.0,0.0,0.0,0.0,0.0
rxn05737_c,0.0,0.0,0.0,0.0,0.0,0.0,0.0,0.0,0.0
rxn00791_c,1.0,1.0,1.0,1.0,1.0,1.0,0.0,1.0,1.0
rxn03978_c,0.0,1.0,0.0,0.0,0.0,0.0,0.0,0.0,0.0
rxn00529_c,0.0,0.0,0.0,0.0,0.0,1.0,0.0,0.0,0.0
rxn05594_c,0.0,0.0,0.0,1.0,0.0,0.0,0.0,0.0,1.0
rxn00407_c,1.0,1.0,1.0,1.0,1.0,0.0,1.0,0.0,0.0
rxn04027_c,0.0,0.0,0.0,0.0,0.0,0.0,0.0,0.0,0.0
rxn07430_c,1.0,0.0,1.0,0.0,0.0,1.0,1.0,0.0,1.0
rxn00602_c,1.0,1.0,1.0,0.0,1.0,0.0,1.0,0.0,1.0
rxn01069_c,1.0,1.0,1.0,1.0,1.0,1.0,1.0,1.0,1.0
rxn00702_c,0.0,0.0,0.0,0.0,0.0,0.0,0.0,0.0,0.0
rxn03150_c,0.0,1.0,0.0,1.0,0.0,0.0,0.0,0.0,0.0
rxn05108_c,1.0,1.0,0.0,1.0,0.0,0.0,0.0,0.0,1.0
rxn00365_c,1.0,1.0,0.0,1.0,0.0,1.0,1.0,0.0,0.0
rxn08783_c,0.0,1.0,0.0,1.0,0.0,0.0,0.0,0.0,0.0
rxn00358_c,0.0,0.0,0.0,1.0,0.0,0.0,0.0,0.0,1.0
rxn05181_c,1.0,0.0,0.0,0.0,0.0,0.0,0.0,0.0,1.0
rxn01329_c,0.0,0.0,1.0,1.0,1.0,1.0,0.0,0.0,1.0
rxn00950_c,1.0,1.0,0.0,1.0,0.0,1.0,0.0,0.0,1.0
rxn00490_c,0.0,0.0,0.0,0.0,0.0,0.0,0.0,0.0,0.0
rxn05565_c,0.0,0.0,0.0,0.0,0.0,0.0,0.0,0.0,0.0
rxn03087_c,0.0,1.0,0.0,1.0,0.0,0.0,0.0,0.0,0.0
rxn05315_c,0.0,0.0,0.0,0.0,0.0,0.0,0.0,0.0,0.0
rxn00559_c,0.0,1.0,1.0,1.0,1.0,1.0,1.0,0.0,1.0
rxn01109_c,0.0,0.0,0.0,0.0,0.0,0.0,0.0,0.0,1.0
rxn02416_c,0.0,0.0,0.0,0.0,0.0,0.0,0.0,0.0,0.0
rxn04046_c,0.0,0.0,0.0,0.0,0.0,0.0,0.0,0.0,0.0
rxn03907_c,1.0,1.0,1.0,1.0,1.0,1.0,0.0,0.0,1.0
rxn03538_c,1.0,1.0,1.0,1.0,1.0,0.0,0.0,0.0,1.0
rxn09139_c,0.0,0.0,0.0,0.0,0.0,0.0,0.0,0.0,0.0
rxn02085_c,1.0,0.0,0.0,0.0,0.0,1.0,1.0,0.0,1.0
rxn00770_c,1.0,1.0,1.0,1.0,1.0,1.0,1.0,1.0,1.0
rxn05902_c,1.0,0.0,0.0,0.0,0.0,0.0,1.0,0.0,1.0
rxn05209_c,0.0,1.0,1.0,1.0,1.0,1.0,1.0,0.0,1.0
rxn00990_c,0.0,0.0,0.0,0.0,0.0,0.0,0.0,0.0,0.0
rxn06377_c,1.0,1.0,1.0,1.0,0.0,1.0,1.0,0.0,1.0
rxn12822_c,1.0,0.0,1.0,0.0,0.0,0.0,0.0,0.0,0.0
rxn05938_c,0.0,1.0,0.0,1.0,0.0,1.0,0.0,0.0,0.0
rxn01366_c,1.0,1.0,0.0,1.0,0.0,0.0,0.0,0.0,1.0
rxn10163_c,0.0,1.0,0.0,1.0,0.0,0.0,0.0,0.0,0.0
rxn05362_c,0.0,0.0,0.0,0.0,0.0,0.0,0.0,0.0,0.0
rxn10474_c,1.0,1.0,1.0,1.0,1.0,1.0,1.0,0.0,1.0
rxn09313_c,0.0,0.0,0.0,0.0,0.0,0.0,0.0,0.0,0.0
rxn05504_c,1.0,0.0,0.0,0.0,0.0,0.0,0.0,0.0,1.0
rxn01203_c,0.0,0.0,1.0,1.0,0.0,0.0,0.0,0.0,1.0
rxn01871_c,1.0,1.0,1.0,1.0,1.0,1.0,1.0,1.0,1.0
rxn10473_c,0.0,1.0,0.0,1.0,0.0,1.0,1.0,0.0,0.0
rxn02200_c,1.0,1.0,1.0,1.0,1.0,1.0,1.0,0.0,1.0
rxn05287_c,1.0,1.0,0.0,1.0,0.0,0.0,0.0,0.0,1.0
rxn00818_c,0.0,1.0,1.0,1.0,0.0,1.0,0.0,0.0,1.0
rxn02937_c,1.0,1.0,1.0,1.0,1.0,1.0,1.0,0.0,1.0
rxn08088_c,0.0,0.0,0.0,0.0,0.0,0.0,1.0,0.0,0.0
rxn00540_c,0.0,1.0,0.0,1.0,0.0,1.0,0.0,0.0,1.0
rxn08810_c,1.0,1.0,1.0,1.0,1.0,0.0,1.0,0.0,1.0
rxn08087_c,0.0,0.0,0.0,0.0,0.0,0.0,1.0,0.0,0.0
rxn01115_c,1.0,1.0,1.0,1.0,1.0,1.0,1.0,1.0,1.0
rxn02302_c,1.0,1.0,0.0,1.0,0.0,0.0,0.0,0.0,0.0
rxn00913_c,0.0,1.0,1.0,1.0,1.0,1.0,1.0,0.0,1.0
rxn01128_c,0.0,0.0,0.0,0.0,0.0,0.0,0.0,0.0,0.0
rxn01396_c,0.0,1.0,0.0,1.0,0.0,0.0,0.0,0.0,1.0
rxn09978_c,0.0,0.0,1.0,1.0,0.0,1.0,1.0,0.0,1.0
rxn02853_c,1.0,0.0,1.0,1.0,1.0,0.0,1.0,0.0,1.0
rxn00769_c,0.0,0.0,0.0,0.0,0.0,0.0,0.0,0.0,0.0
rxn01840_c,1.0,1.0,0.0,1.0,0.0,0.0,0.0,0.0,0.0
rxn01334_c,1.0,1.0,1.0,1.0,1.0,1.0,1.0,0.0,1.0
rxn01044_c,0.0,1.0,1.0,1.0,0.0,1.0,0.0,0.0,1.0
rxn08655_c,1.0,1.0,1.0,0.0,1.0,0.0,0.0,0.0,1.0
rxn04113_c,1.0,1.0,1.0,1.0,1.0,1.0,0.0,0.0,1.0
rxn00676_c,1.0,1.0,1.0,1.0,1.0,0.0,1.0,0.0,1.0
rxn05599_c,0.0,0.0,0.0,1.0,0.0,0.0,0.0,0.0,1.0
rxn00056_c,0.0,0.0,0.0,0.0,0.0,0.0,0.0,0.0,0.0
rxn08469_c,0.0,0.0,0.0,0.0,0.0,0.0,0.0,0.0,0.0
rxn04989_c,1.0,0.0,0.0,0.0,0.0,0.0,0.0,0.0,0.0
rxn01870_c,1.0,1.0,0.0,1.0,1.0,1.0,1.0,0.0,1.0
rxn05496_c,1.0,1.0,0.0,1.0,0.0,0.0,0.0,0.0,0.0
rxn05382_c,0.0,0.0,0.0,0.0,0.0,0.0,0.0,0.0,0.0
rxn09205_c,1.0,1.0,1.0,1.0,1.0,1.0,1.0,0.0,1.0
rxn05734_c,1.0,0.0,1.0,1.0,1.0,0.0,1.0,0.0,1.0
rxn07438_c,0.0,0.0,0.0,0.0,0.0,0.0,0.0,0.0,0.0
rxn05409_c,1.0,1.0,1.0,1.0,1.0,1.0,1.0,0.0,1.0
rxn05189_c,0.0,1.0,0.0,1.0,0.0,0.0,0.0,0.0,0.0
rxn00704_c,0.0,1.0,1.0,1.0,0.0,1.0,0.0,0.0,0.0
rxn01459_c,1.0,0.0,1.0,1.0,1.0,0.0,1.0,0.0,1.0
rxn05402_c,0.0,0.0,0.0,0.0,0.0,0.0,0.0,0.0,0.0
rxn05180_c,0.0,0.0,0.0,0.0,0.0,0.0,0.0,0.0,0.0
rxn01450_c,0.0,0.0,0.0,0.0,0.0,1.0,0.0,0.0,0.0
rxn05117_c,0.0,0.0,0.0,0.0,0.0,0.0,0.0,0.0,0.0
rxn01302_c,1.0,1.0,1.0,1.0,1.0,1.0,1.0,1.0,1.0
rxn00693_c,1.0,1.0,0.0,1.0,0.0,1.0,1.0,0.0,1.0
rxn02314_c,1.0,1.0,1.0,1.0,0.0,1.0,1.0,0.0,1.0
rxn00105_c,0.0,1.0,0.0,1.0,0.0,0.0,0.0,0.0,1.0
rxn08848_c,1.0,1.0,1.0,1.0,1.0,0.0,1.0,0.0,1.0
rxn03084_c,1.0,1.0,1.0,1.0,1.0,1.0,1.0,0.0,1.0
rxn06600_c,1.0,1.0,1.0,1.0,0.0,1.0,1.0,0.0,1.0
rxn03439_c,0.0,0.0,0.0,0.0,0.0,0.0,0.0,0.0,0.0
rxn01252_c,0.0,0.0,0.0,0.0,0.0,0.0,0.0,0.0,0.0
rxn08808_c,1.0,1.0,1.0,1.0,1.0,0.0,1.0,0.0,1.0
rxn00558_c,1.0,1.0,1.0,1.0,1.0,1.0,1.0,0.0,1.0
rxn00346_c,1.0,1.0,0.0,1.0,0.0,1.0,1.0,0.0,1.0
rxn00194_c,0.0,0.0,0.0,0.0,0.0,0.0,0.0,0.0,1.0
rxn05361_c,0.0,0.0,0.0,0.0,0.0,0.0,0.0,0.0,0.0
rxn05323_c,0.0,1.0,1.0,1.0,1.0,1.0,1.0,0.0,1.0
rxn01626_c,0.0,0.0,1.0,0.0,0.0,0.0,1.0,0.0,1.0
rxn05434_c,0.0,1.0,1.0,1.0,1.0,1.0,1.0,0.0,1.0
rxn01911_c,0.0,1.0,0.0,1.0,0.0,0.0,0.0,0.0,0.0
rxn05470_c,0.0,1.0,0.0,0.0,0.0,0.0,0.0,0.0,0.0
rxn01406_c,1.0,1.0,0.0,1.0,1.0,0.0,0.0,0.0,1.0
rxn02056_c,0.0,0.0,0.0,0.0,0.0,0.0,0.0,0.0,0.0
rxn10260_c,1.0,1.0,1.0,1.0,1.0,0.0,0.0,0.0,1.0
rxn09199_c,1.0,1.0,1.0,1.0,1.0,1.0,1.0,0.0,1.0
rxn05233_c,1.0,1.0,1.0,1.0,0.0,0.0,0.0,0.0,1.0
rxn01200_c,1.0,1.0,1.0,1.0,1.0,1.0,1.0,0.0,1.0
rxn05507_c,0.0,0.0,0.0,0.0,0.0,0.0,0.0,0.0,0.0
rxn00288_c,1.0,1.0,1.0,1.0,1.0,1.0,1.0,0.0,1.0
rxn02185_c,1.0,1.0,1.0,1.0,1.0,1.0,0.0,1.0,1.0
rxn08811_c,1.0,1.0,1.0,1.0,1.0,0.0,1.0,0.0,1.0
rxn08656_c,1.0,1.0,1.0,0.0,1.0,0.0,0.0,0.0,1.0
rxn00328_c,1.0,1.0,1.0,1.0,1.0,1.0,1.0,0.0,1.0
rxn00912_c,1.0,1.0,0.0,1.0,1.0,1.0,1.0,0.0,1.0
rxn09979_c,0.0,0.0,1.0,1.0,0.0,1.0,1.0,0.0,1.0
rxn05422_c,0.0,0.0,1.0,1.0,0.0,1.0,0.0,0.0,0.0
rxn09240_c,0.0,1.0,0.0,1.0,0.0,1.0,1.0,0.0,1.0
rxn08294_c,1.0,1.0,0.0,1.0,0.0,0.0,1.0,0.0,0.0
rxn02889_c,1.0,0.0,0.0,0.0,1.0,1.0,1.0,0.0,1.0
rxn02927_c,0.0,1.0,0.0,1.0,0.0,0.0,0.0,0.0,0.0
rxn05344_c,1.0,1.0,1.0,1.0,1.0,1.0,1.0,0.0,1.0
rxn05432_c,0.0,0.0,0.0,0.0,0.0,0.0,0.0,0.0,0.0
rxn09206_c,1.0,1.0,1.0,1.0,1.0,1.0,1.0,0.0,1.0
rxn10162_c,0.0,1.0,0.0,1.0,0.0,0.0,0.0,0.0,0.0
rxn05596_c,0.0,0.0,0.0,0.0,0.0,0.0,0.0,0.0,0.0
rxn00338_c,1.0,1.0,0.0,1.0,0.0,1.0,1.0,0.0,1.0
rxn05638_c,0.0,1.0,0.0,1.0,0.0,0.0,0.0,0.0,1.0
rxn03421_c,1.0,1.0,1.0,1.0,1.0,1.0,1.0,0.0,1.0
rxn01737_c,0.0,0.0,0.0,0.0,0.0,0.0,0.0,0.0,0.0
rxn00709_c,1.0,1.0,0.0,1.0,0.0,1.0,1.0,0.0,0.0
rxn00871_c,0.0,0.0,0.0,0.0,0.0,0.0,0.0,0.0,0.0
rxn07432_c,1.0,0.0,1.0,0.0,0.0,1.0,1.0,0.0,1.0
rxn10892_c,0.0,0.0,0.0,0.0,0.0,0.0,0.0,0.0,0.0
rxn08708_c,0.0,0.0,0.0,0.0,0.0,0.0,0.0,0.0,0.0
rxn01285_c,0.0,0.0,0.0,0.0,0.0,0.0,0.0,0.0,0.0
rxn10895_c,0.0,0.0,0.0,0.0,0.0,0.0,0.0,0.0,0.0
rxn09345_c,1.0,1.0,1.0,1.0,1.0,1.0,1.0,0.0,0.0
rxn05187_c,1.0,0.0,0.0,0.0,0.0,0.0,0.0,0.0,0.0
rxn08979_c,0.0,0.0,0.0,0.0,0.0,0.0,0.0,0.0,0.0
rxn01674_c,0.0,0.0,0.0,0.0,0.0,0.0,0.0,0.0,0.0
rxn12644_c,1.0,1.0,1.0,1.0,1.0,1.0,1.0,1.0,1.0
rxn05399_c,0.0,0.0,0.0,0.0,0.0,0.0,0.0,0.0,0.0
rxn01171_c,0.0,1.0,1.0,1.0,1.0,1.0,1.0,0.0,1.0
rxn09164_c,0.0,0.0,0.0,0.0,0.0,0.0,0.0,0.0,0.0
rxn02831_c,0.0,1.0,0.0,1.0,0.0,1.0,0.0,0.0,1.0
rxn01107_c,0.0,0.0,1.0,0.0,0.0,1.0,1.0,0.0,1.0
rxn12639_c,1.0,1.0,1.0,1.0,1.0,1.0,1.0,1.0,1.0
rxn00689_c,1.0,1.0,1.0,1.0,1.0,1.0,1.0,0.0,1.0
rxn01258_c,0.0,1.0,0.0,1.0,0.0,0.0,0.0,0.0,1.0
rxn05403_c,0.0,0.0,0.0,0.0,0.0,0.0,0.0,0.0,0.0
rxn01538_c,0.0,1.0,0.0,1.0,0.0,0.0,0.0,0.0,0.0
rxn03901_c,1.0,1.0,1.0,1.0,1.0,1.0,1.0,0.0,1.0
rxn00776_c,1.0,0.0,0.0,0.0,0.0,0.0,0.0,0.0,0.0
rxn02166_c,1.0,1.0,1.0,1.0,1.0,1.0,1.0,0.0,1.0
rxn00256_c,1.0,1.0,1.0,1.0,1.0,1.0,1.0,0.0,1.0
rxn01544_c,1.0,1.0,1.0,1.0,1.0,1.0,1.0,0.0,1.0
rxn00459_c,1.0,1.0,1.0,1.0,1.0,1.0,1.0,0.0,1.0
rxn00347_c,0.0,1.0,0.0,1.0,0.0,1.0,0.0,0.0,0.0
rxn05054_c,1.0,0.0,1.0,1.0,1.0,0.0,0.0,0.0,1.0
rxn01819_c,1.0,0.0,0.0,0.0,0.0,0.0,0.0,0.0,1.0
rxn10161_c,0.0,1.0,0.0,1.0,0.0,0.0,0.0,0.0,0.0
rxn05360_c,0.0,0.0,1.0,1.0,0.0,1.0,0.0,0.0,0.0
rxn03422_c,0.0,1.0,0.0,1.0,0.0,0.0,0.0,0.0,0.0
rxn10476_c,0.0,0.0,1.0,0.0,1.0,0.0,0.0,0.0,0.0
rxn03031_c,0.0,1.0,1.0,1.0,1.0,0.0,1.0,1.0,1.0
rxn10281_c,0.0,0.0,0.0,0.0,0.0,0.0,0.0,0.0,0.0
rxn10334_c,0.0,0.0,0.0,0.0,0.0,0.0,0.0,0.0,0.0
rxn05289_c,1.0,1.0,1.0,1.0,1.0,1.0,1.0,0.0,1.0
rxn09107_c,0.0,1.0,1.0,1.0,1.0,0.0,0.0,0.0,0.0
rxn00002_c,1.0,1.0,0.0,1.0,1.0,0.0,0.0,0.0,1.0
rxn10268_c,0.0,1.0,1.0,1.0,1.0,0.0,0.0,0.0,0.0
rxn02304_c,1.0,0.0,0.0,0.0,0.0,1.0,0.0,0.0,1.0
rxn10261_c,1.0,1.0,1.0,1.0,1.0,0.0,0.0,0.0,1.0
rxn01519_c,1.0,1.0,1.0,1.0,1.0,1.0,1.0,0.0,1.0
rxn00127_c,1.0,1.0,0.0,1.0,1.0,0.0,0.0,0.0,1.0
rxn05232_c,0.0,1.0,0.0,1.0,0.0,0.0,0.0,0.0,0.0
rxn08619_c,0.0,1.0,0.0,0.0,0.0,0.0,0.0,0.0,0.0
rxn00431_c,0.0,0.0,0.0,0.0,0.0,0.0,0.0,0.0,0.0
rxn02186_c,0.0,0.0,0.0,0.0,0.0,0.0,0.0,0.0,0.0
rxn00209_c,0.0,1.0,1.0,1.0,1.0,1.0,1.0,0.0,1.0
rxn08657_c,1.0,1.0,1.0,0.0,1.0,0.0,0.0,0.0,1.0
rxn00674_c,0.0,1.0,0.0,1.0,0.0,0.0,0.0,0.0,0.0
rxn08295_c,1.0,1.0,0.0,1.0,0.0,0.0,1.0,0.0,0.0
rxn09112_c,1.0,1.0,1.0,1.0,1.0,0.0,0.0,0.0,1.0
rxn00157_c,0.0,1.0,0.0,1.0,0.0,0.0,0.0,0.0,1.0
rxn03194_c,1.0,1.0,1.0,1.0,1.0,1.0,0.0,1.0,1.0
rxn01286_c,1.0,0.0,1.0,1.0,1.0,0.0,1.0,0.0,1.0
rxn08942_c,0.0,1.0,0.0,1.0,0.0,0.0,0.0,0.0,0.0
rxn09207_c,1.0,1.0,1.0,1.0,1.0,1.0,1.0,0.0,1.0
rxn05736_c,1.0,1.0,1.0,1.0,1.0,1.0,1.0,0.0,1.0
rxn02480_c,0.0,0.0,0.0,0.0,0.0,0.0,0.0,0.0,0.0
rxn01137_c,0.0,1.0,1.0,1.0,1.0,1.0,1.0,0.0,1.0
rxn01834_c,1.0,1.0,1.0,1.0,1.0,0.0,0.0,0.0,1.0
rxn07431_c,1.0,0.0,1.0,0.0,0.0,1.0,1.0,0.0,1.0
rxn05318_c,0.0,1.0,0.0,0.0,0.0,1.0,1.0,0.0,0.0
rxn08709_c,0.0,0.0,0.0,0.0,0.0,0.0,0.0,0.0,0.0
rxn00364_c,1.0,1.0,1.0,1.0,1.0,1.0,1.0,0.0,1.0
rxn05407_c,0.0,0.0,0.0,0.0,0.0,0.0,0.0,0.0,0.0
rxn05400_c,1.0,1.0,1.0,1.0,1.0,1.0,1.0,0.0,1.0
rxn01452_c,1.0,0.0,1.0,0.0,1.0,0.0,1.0,0.0,1.0
rxn02632_c,0.0,0.0,0.0,0.0,0.0,0.0,0.0,0.0,0.0
rxn00322_c,1.0,1.0,0.0,1.0,1.0,0.0,0.0,0.0,1.0
rxn09198_c,1.0,1.0,1.0,1.0,1.0,1.0,1.0,0.0,1.0
rxn03086_c,0.0,0.0,0.0,0.0,0.0,0.0,0.0,0.0,0.0
rxn01219_c,1.0,1.0,1.0,1.0,1.0,1.0,1.0,0.0,1.0
rxn12638_c,1.0,1.0,1.0,1.0,1.0,1.0,1.0,1.0,1.0
rxn00211_c,0.0,0.0,0.0,0.0,0.0,0.0,0.0,0.0,0.0
rxn05165_c,0.0,0.0,0.0,0.0,0.0,0.0,0.0,0.0,0.0
rxn05367_c,1.0,1.0,1.0,1.0,1.0,1.0,1.0,0.0,1.0
rxn01199_c,0.0,1.0,1.0,1.0,0.0,1.0,0.0,0.0,1.0
rxn02465_c,1.0,1.0,1.0,1.0,1.0,0.0,0.0,0.0,1.0
rxn05208_c,0.0,0.0,0.0,0.0,0.0,0.0,0.0,0.0,0.0
rxn01483_c,0.0,0.0,0.0,0.0,0.0,0.0,0.0,0.0,0.0
rxn02320_c,1.0,1.0,1.0,1.0,1.0,1.0,0.0,1.0,1.0
rxn04082_c,0.0,1.0,1.0,1.0,0.0,1.0,0.0,0.0,1.0
rxn12850_c,1.0,0.0,1.0,0.0,0.0,0.0,0.0,0.0,0.0
rxn10262_c,1.0,1.0,1.0,1.0,1.0,0.0,0.0,0.0,1.0
rxn10128_c,0.0,0.0,0.0,0.0,0.0,0.0,0.0,0.0,0.0
rxn03030_c,1.0,0.0,0.0,0.0,0.0,0.0,0.0,0.0,0.0
rxn05235_c,0.0,1.0,0.0,1.0,0.0,0.0,0.0,0.0,0.0
rxn05505_c,1.0,0.0,0.0,0.0,0.0,0.0,0.0,0.0,1.0
rxn09106_c,0.0,1.0,1.0,1.0,1.0,0.0,0.0,0.0,0.0
rxn02431_c,0.0,0.0,0.0,0.0,0.0,0.0,0.0,0.0,0.0
rxn01653_c,1.0,1.0,1.0,1.0,1.0,0.0,1.0,0.0,1.0
rxn00001_c,1.0,1.0,1.0,1.0,1.0,1.0,1.0,0.0,1.0
rxn01114_c,0.0,1.0,0.0,1.0,0.0,1.0,0.0,0.0,1.0
rxn02305_c,1.0,1.0,1.0,1.0,1.0,0.0,0.0,0.0,1.0
rxn00470_c,0.0,1.0,0.0,1.0,1.0,0.0,0.0,0.0,1.0
rxn02733_c,0.0,0.0,0.0,0.0,0.0,0.0,0.0,0.0,0.0
rxn00910_c,1.0,1.0,1.0,1.0,1.0,1.0,1.0,1.0,1.0
rxn06077_c,0.0,0.0,0.0,0.0,0.0,0.0,0.0,0.0,0.0
rxn01129_c,0.0,0.0,0.0,0.0,0.0,0.0,0.0,0.0,0.0
rxn08296_c,1.0,1.0,0.0,1.0,0.0,0.0,1.0,0.0,0.0
rxn07191_c,0.0,0.0,0.0,0.0,0.0,0.0,0.0,0.0,0.0
rxn05300_c,0.0,1.0,0.0,1.0,0.0,0.0,0.0,0.0,0.0
rxn02339_c,1.0,1.0,1.0,1.0,1.0,1.0,1.0,0.0,1.0
rxn00858_c,1.0,1.0,1.0,1.0,1.0,0.0,0.0,0.0,0.0
rxn05451_c,1.0,1.0,1.0,1.0,1.0,1.0,1.0,0.0,1.0
rxn09200_c,1.0,1.0,1.0,1.0,1.0,1.0,1.0,0.0,1.0
rxn00152_c,0.0,0.0,0.0,0.0,0.0,0.0,0.0,0.0,0.0
rxn01930_c,1.0,0.0,1.0,0.0,0.0,0.0,1.0,0.0,1.0
rxn00208_c,0.0,1.0,1.0,1.0,1.0,1.0,1.0,0.0,1.0
rxn05031_c,0.0,0.0,0.0,0.0,0.0,0.0,1.0,0.0,1.0
rxn05346_c,1.0,1.0,1.0,1.0,1.0,1.0,1.0,0.0,1.0
rxn05733_c,1.0,1.0,0.0,1.0,0.0,1.0,0.0,0.0,1.0
rxn02270_c,0.0,0.0,0.0,0.0,1.0,0.0,0.0,0.0,0.0
rxn01830_c,0.0,0.0,0.0,0.0,0.0,0.0,0.0,0.0,0.0
rxn04159_c,0.0,0.0,0.0,0.0,0.0,0.0,0.0,0.0,0.0
rxn05598_c,0.0,0.0,0.0,0.0,0.0,0.0,0.0,0.0,1.0
rxn04704_c,0.0,1.0,1.0,1.0,1.0,1.0,0.0,0.0,0.0
rxn02279_c,0.0,0.0,0.0,0.0,0.0,0.0,0.0,0.0,1.0
rxn00526_c,0.0,0.0,0.0,0.0,0.0,0.0,0.0,0.0,1.0
rxn00449_c,0.0,0.0,0.0,0.0,0.0,0.0,0.0,0.0,1.0
rxn00649_c,1.0,1.0,0.0,1.0,0.0,1.0,0.0,0.0,1.0
rxn01739_c,1.0,1.0,1.0,1.0,1.0,1.0,1.0,1.0,1.0
rxn02483_c,0.0,0.0,1.0,1.0,1.0,0.0,0.0,0.0,1.0
rxn03057_c,0.0,0.0,0.0,0.0,0.0,0.0,0.0,0.0,0.0
rxn00060_c,1.0,1.0,1.0,1.0,1.0,1.0,1.0,0.0,1.0
rxn09152_c,0.0,0.0,0.0,0.0,0.0,0.0,0.0,0.0,0.0
rxn00100_c,1.0,1.0,1.0,1.0,1.0,1.0,1.0,0.0,1.0
rxn00789_c,1.0,0.0,1.0,0.0,1.0,0.0,0.0,1.0,0.0
rxn05390_c,0.0,0.0,0.0,0.0,0.0,0.0,0.0,0.0,0.0
rxn05319_c,1.0,1.0,1.0,1.0,1.0,1.0,1.0,1.0,1.0
rxn03137_c,1.0,1.0,1.0,1.0,1.0,1.0,1.0,0.0,1.0
rxn02122_c,0.0,0.0,0.0,0.0,0.0,0.0,0.0,0.0,0.0
rxn05401_c,0.0,0.0,1.0,1.0,0.0,1.0,0.0,0.0,0.0
rxn10343_c,1.0,1.0,1.0,1.0,1.0,1.0,1.0,0.0,1.0
rxn00212_c,0.0,1.0,0.0,1.0,0.0,0.0,0.0,0.0,0.0
rxn10231_c,1.0,1.0,1.0,1.0,1.0,1.0,1.0,0.0,1.0
rxn01451_c,1.0,1.0,1.0,1.0,1.0,0.0,1.0,0.0,1.0
rxn03903_c,1.0,1.0,1.0,1.0,1.0,1.0,1.0,0.0,1.0
rxn00097_c,1.0,1.0,1.0,1.0,1.0,1.0,1.0,0.0,1.0
rxn00695_c,0.0,1.0,1.0,1.0,0.0,1.0,1.0,0.0,1.0
rxn00250_c,0.0,0.0,0.0,0.0,0.0,0.0,0.0,0.0,0.0
rxn02160_c,0.0,1.0,1.0,1.0,1.0,1.0,1.0,0.0,1.0
rxn08809_c,1.0,1.0,1.0,1.0,1.0,0.0,1.0,0.0,1.0
rxn05424_c,0.0,0.0,0.0,0.0,0.0,0.0,0.0,0.0,0.0
rxn05366_c,0.0,0.0,0.0,0.0,0.0,0.0,0.0,0.0,0.0
rxn00506_c,1.0,0.0,1.0,1.0,1.0,0.0,1.0,0.0,1.0
rxn05369_c,0.0,0.0,0.0,0.0,0.0,0.0,0.0,0.0,0.0
rxn02933_c,1.0,1.0,1.0,1.0,1.0,0.0,1.0,0.0,1.0
rxn05500_c,0.0,0.0,0.0,0.0,0.0,0.0,0.0,0.0,0.0
rxn09105_c,0.0,1.0,1.0,1.0,1.0,0.0,0.0,0.0,0.0
rxn10321_c,0.0,0.0,0.0,0.0,0.0,0.0,0.0,0.0,0.0
rxn02159_c,1.0,1.0,1.0,1.0,1.0,1.0,1.0,0.0,1.0
rxn05429_c,1.0,1.0,1.0,1.0,1.0,1.0,1.0,0.0,1.0
rxn08083_c,0.0,0.0,0.0,0.0,0.0,0.0,1.0,0.0,0.0
rxn00269_c,1.0,0.0,1.0,0.0,1.0,0.0,0.0,0.0,1.0
rxn10263_c,1.0,1.0,1.0,1.0,1.0,0.0,0.0,0.0,1.0
rxn00917_c,0.0,0.0,0.0,0.0,0.0,0.0,0.0,0.0,0.0
rxn00300_c,1.0,1.0,1.0,1.0,1.0,1.0,1.0,0.0,1.0
rxn10253_c,1.0,1.0,0.0,1.0,0.0,0.0,1.0,0.0,0.0
rxn00433_c,0.0,0.0,1.0,0.0,1.0,0.0,0.0,0.0,1.0
rxn10857_c,0.0,0.0,0.0,0.0,0.0,0.0,0.0,0.0,0.0
rxn00289_c,0.0,1.0,0.0,1.0,0.0,0.0,0.0,0.0,0.0
rxn00758_c,1.0,1.0,1.0,1.0,1.0,0.0,1.0,0.0,1.0
rxn02103_c,0.0,1.0,1.0,0.0,0.0,0.0,0.0,0.0,0.0
rxn00638_c,0.0,0.0,1.0,0.0,1.0,0.0,0.0,0.0,0.0
rxn05555_c,0.0,0.0,0.0,0.0,0.0,0.0,0.0,0.0,0.0
rxn06078_c,0.0,0.0,1.0,0.0,1.0,1.0,1.0,0.0,1.0
rxn00471_c,0.0,0.0,1.0,0.0,1.0,0.0,0.0,0.0,1.0
rxn05552_c,0.0,0.0,0.0,1.0,0.0,0.0,0.0,0.0,1.0
rxn08297_c,1.0,1.0,0.0,1.0,0.0,0.0,1.0,0.0,0.0
rxn01280_c,1.0,1.0,1.0,1.0,1.0,0.0,0.0,0.0,1.0
rxn05450_c,0.0,1.0,1.0,1.0,1.0,1.0,1.0,0.0,1.0
rxn01670_c,0.0,1.0,1.0,1.0,1.0,1.0,1.0,0.0,1.0
rxn09114_c,1.0,1.0,1.0,1.0,1.0,0.0,0.0,0.0,1.0
rxn02782_c,0.0,0.0,0.0,1.0,0.0,0.0,0.0,0.0,0.0
rxn05345_c,1.0,1.0,1.0,1.0,1.0,1.0,1.0,0.0,1.0
rxn02071_c,0.0,0.0,0.0,0.0,0.0,0.0,1.0,0.0,1.0
rxn09201_c,1.0,1.0,1.0,1.0,1.0,1.0,1.0,0.0,1.0
rxn01465_c,1.0,1.0,1.0,1.0,1.0,1.0,1.0,0.0,1.0
rxn03052_c,0.0,1.0,1.0,1.0,0.0,1.0,1.0,1.0,1.0
rxn01833_c,0.0,1.0,0.0,1.0,0.0,0.0,0.0,0.0,0.0
rxn00248_c,1.0,1.0,1.0,1.0,1.0,1.0,1.0,0.0,1.0
rxn00527_c,1.0,1.0,1.0,1.0,1.0,1.0,1.0,1.0,1.0
rxn00499_c,0.0,1.0,1.0,1.0,1.0,0.0,1.0,0.0,0.0
rxn00707_c,1.0,1.0,1.0,1.0,1.0,1.0,1.0,0.0,1.0
rxn00708_c,0.0,1.0,1.0,1.0,1.0,1.0,1.0,0.0,1.0
rxn03055_c,0.0,0.0,0.0,1.0,1.0,0.0,1.0,0.0,0.0
rxn00879_c,0.0,0.0,1.0,0.0,0.0,1.0,1.0,0.0,1.0
rxn05211_c,0.0,0.0,0.0,0.0,0.0,0.0,0.0,0.0,0.0
rxn05184_c,0.0,0.0,0.0,0.0,0.0,0.0,0.0,0.0,0.0
rxn04132_c,1.0,1.0,1.0,1.0,1.0,1.0,1.0,1.0,1.0
rxn02319_c,0.0,1.0,0.0,0.0,0.0,0.0,0.0,0.0,0.0
rxn01675_c,0.0,1.0,1.0,1.0,0.0,1.0,1.0,0.0,1.0
rxn03536_c,1.0,1.0,1.0,1.0,1.0,0.0,0.0,0.0,1.0
rxn05398_c,0.0,0.0,0.0,0.0,0.0,0.0,0.0,0.0,0.0
rxn05437_c,0.0,1.0,1.0,1.0,1.0,1.0,1.0,0.0,1.0
rxn00101_c,0.0,0.0,0.0,0.0,0.0,0.0,0.0,0.0,1.0
rxn09153_c,0.0,0.0,0.0,0.0,0.0,0.0,0.0,0.0,0.0
rxn10304_c,0.0,0.0,0.0,0.0,0.0,0.0,0.0,0.0,0.0
rxn03080_c,1.0,1.0,1.0,1.0,1.0,1.0,0.0,0.0,1.0
rxn05365_c,0.0,0.0,0.0,0.0,0.0,0.0,0.0,0.0,0.0
rxn01259_c,1.0,0.0,0.0,0.0,0.0,0.0,0.0,0.0,0.0
rxn00213_c,0.0,1.0,1.0,1.0,1.0,1.0,0.0,0.0,1.0
rxn00777_c,0.0,0.0,0.0,0.0,0.0,0.0,0.0,0.0,0.0
rxn00007_c,0.0,1.0,0.0,1.0,0.0,0.0,1.0,0.0,0.0
rxn05573_c,0.0,1.0,0.0,0.0,0.0,1.0,0.0,0.0,0.0
rxn02161_c,0.0,1.0,0.0,1.0,0.0,1.0,0.0,0.0,1.0
rxn05244_c,1.0,0.0,0.0,0.0,0.0,0.0,0.0,0.0,0.0
rxn00251_c,0.0,1.0,0.0,1.0,0.0,1.0,0.0,0.0,0.0
rxn01545_c,1.0,0.0,1.0,0.0,1.0,1.0,0.0,0.0,1.0
rxn00237_c,1.0,1.0,1.0,1.0,1.0,1.0,1.0,0.0,1.0
rxn10124_c,0.0,0.0,0.0,0.0,0.0,0.0,0.0,0.0,0.0
rxn01368_c,1.0,1.0,1.0,1.0,1.0,1.0,1.0,0.0,1.0
rxn01298_c,0.0,0.0,0.0,0.0,0.0,0.0,0.0,0.0,0.0
rxn04794_c,0.0,1.0,0.0,1.0,0.0,0.0,0.0,0.0,1.0
rxn09104_c,0.0,1.0,1.0,1.0,1.0,0.0,0.0,0.0,0.0
rxn04070_c,0.0,1.0,1.0,1.0,1.0,1.0,1.0,0.0,0.0
rxn05172_c,0.0,0.0,0.0,1.0,0.0,0.0,0.0,0.0,1.0
rxn00856_c,0.0,1.0,0.0,1.0,0.0,0.0,0.0,0.0,0.0
rxn05421_c,1.0,1.0,1.0,1.0,1.0,1.0,1.0,0.0,1.0
rxn01618_c,0.0,0.0,0.0,0.0,0.0,0.0,0.0,0.0,0.0
rxn08954_c,0.0,0.0,0.0,1.0,0.0,0.0,0.0,0.0,0.0
rxn06075_c,1.0,1.0,1.0,1.0,0.0,0.0,0.0,0.0,1.0
rxn10318_c,0.0,0.0,0.0,0.0,0.0,0.0,0.0,0.0,0.0
rxn08298_c,1.0,1.0,0.0,1.0,0.0,0.0,1.0,0.0,0.0
rxn00126_c,1.0,1.0,1.0,1.0,1.0,1.0,1.0,0.0,1.0
rxn01518_c,1.0,1.0,1.0,1.0,0.0,1.0,1.0,0.0,1.0
rxn03173_c,0.0,0.0,0.0,0.0,0.0,0.0,0.0,0.0,0.0
rxn01015_c,0.0,1.0,1.0,0.0,1.0,0.0,1.0,0.0,1.0
rxn09988_c,0.0,0.0,0.0,0.0,0.0,0.0,0.0,0.0,0.0
rxn08618_c,0.0,1.0,0.0,1.0,0.0,0.0,0.0,0.0,0.0
rxn01352_c,1.0,0.0,1.0,0.0,0.0,1.0,1.0,0.0,1.0
rxn05034_c,0.0,1.0,1.0,1.0,1.0,0.0,0.0,0.0,1.0
rxn05453_c,1.0,1.0,1.0,1.0,1.0,1.0,1.0,0.0,1.0
rxn09202_c,1.0,1.0,1.0,1.0,1.0,1.0,1.0,0.0,1.0
rxn01331_c,1.0,1.0,1.0,1.0,1.0,1.0,1.0,0.0,1.0
rxn00206_c,1.0,1.0,0.0,1.0,0.0,1.0,1.0,0.0,0.0
rxn05340_c,0.0,0.0,1.0,1.0,0.0,1.0,0.0,0.0,0.0
rxn00299_c,1.0,1.0,1.0,1.0,1.0,1.0,1.0,0.0,1.0
rxn00756_c,0.0,0.0,0.0,0.0,0.0,0.0,0.0,0.0,0.0
rxn00082_c,1.0,0.0,0.0,0.0,0.0,0.0,0.0,0.0,1.0
rxn05671_c,0.0,1.0,0.0,1.0,0.0,1.0,1.0,0.0,0.0
rxn00875_c,0.0,0.0,0.0,0.0,0.0,0.0,0.0,0.0,0.0
rxn01013_c,0.0,0.0,1.0,0.0,1.0,1.0,0.0,0.0,0.0
rxn01281_c,1.0,1.0,1.0,1.0,1.0,0.0,0.0,0.0,1.0
rxn01637_c,0.0,0.0,0.0,0.0,0.0,0.0,0.0,0.0,0.0
rxn10294_c,0.0,0.0,0.0,0.0,0.0,0.0,0.0,0.0,0.0
rxn00898_c,1.0,1.0,1.0,1.0,1.0,1.0,0.0,1.0,1.0
rxn05040_c,1.0,1.0,1.0,1.0,1.0,1.0,1.0,0.0,1.0
rxn00102_c,0.0,0.0,0.0,0.0,0.0,0.0,0.0,0.0,0.0
rxn10114_c,0.0,1.0,0.0,1.0,0.0,0.0,0.0,0.0,0.0
rxn05396_c,1.0,1.0,1.0,1.0,1.0,1.0,1.0,0.0,1.0
rxn02004_c,0.0,1.0,0.0,1.0,0.0,0.0,0.0,0.0,1.0
rxn12634_c,1.0,1.0,1.0,1.0,1.0,1.0,1.0,1.0,1.0
rxn05406_c,0.0,0.0,0.0,0.0,0.0,0.0,0.0,0.0,0.0
rxn00214_c,1.0,1.0,1.0,1.0,1.0,1.0,1.0,0.0,1.0
rxn01453_c,0.0,0.0,0.0,0.0,1.0,0.0,0.0,0.0,0.0
rxn00095_c,0.0,1.0,0.0,1.0,0.0,0.0,0.0,0.0,0.0
rxn03168_c,0.0,0.0,0.0,0.0,0.0,0.0,0.0,0.0,0.0
rxn03537_c,1.0,1.0,1.0,1.0,1.0,0.0,0.0,0.0,1.0
rxn05119_c,0.0,0.0,0.0,0.0,0.0,0.0,0.0,0.0,0.0
rxn01750_c,0.0,0.0,0.0,0.0,0.0,0.0,0.0,0.0,0.0
rxn02788_c,0.0,0.0,0.0,0.0,0.0,0.0,0.0,0.0,0.0
rxn01991_c,0.0,0.0,0.0,0.0,0.0,0.0,0.0,0.0,0.0
rxn10228_c,1.0,1.0,1.0,1.0,1.0,1.0,1.0,0.0,1.0
rxn05364_c,0.0,0.0,1.0,1.0,0.0,1.0,0.0,0.0,0.0
rxn05574_c,0.0,1.0,0.0,1.0,0.0,1.0,0.0,0.0,0.0
rxn08025_c,1.0,1.0,0.0,1.0,0.0,0.0,0.0,0.0,1.0
rxn00187_c,1.0,1.0,1.0,1.0,1.0,1.0,1.0,0.0,1.0
rxn02466_c,0.0,0.0,0.0,0.0,0.0,0.0,0.0,0.0,0.0
rxn09103_c,0.0,1.0,1.0,1.0,1.0,0.0,0.0,0.0,0.0
rxn09674_c,1.0,1.0,0.0,1.0,0.0,0.0,0.0,0.0,0.0
rxn05338_c,0.0,0.0,1.0,1.0,0.0,1.0,0.0,0.0,0.0
rxn01316_c,0.0,1.0,1.0,1.0,1.0,1.0,0.0,0.0,0.0
rxn12851_c,1.0,0.0,1.0,0.0,0.0,0.0,0.0,0.0,0.0
rxn12146_c,0.0,0.0,0.0,0.0,0.0,0.0,0.0,0.0,1.0
rxn10265_c,0.0,1.0,1.0,1.0,1.0,0.0,0.0,0.0,0.0
rxn00915_c,1.0,1.0,1.0,1.0,1.0,1.0,1.0,0.0,1.0
rxn01967_c,0.0,1.0,1.0,0.0,0.0,1.0,0.0,0.0,1.0
rxn01515_c,0.0,0.0,0.0,0.0,0.0,0.0,0.0,0.0,0.0
rxn01437_c,1.0,0.0,0.0,0.0,0.0,0.0,0.0,0.0,1.0
rxn05430_c,0.0,0.0,1.0,1.0,0.0,1.0,0.0,0.0,0.0
rxn09687_c,0.0,1.0,0.0,0.0,0.0,1.0,1.0,0.0,0.0
rxn05173_c,0.0,0.0,0.0,0.0,0.0,0.0,0.0,0.0,0.0
rxn01332_c,1.0,1.0,1.0,1.0,1.0,1.0,1.0,1.0,1.0
rxn00829_c,0.0,0.0,0.0,0.0,0.0,1.0,1.0,0.0,0.0
rxn05545_c,1.0,0.0,1.0,0.0,0.0,0.0,0.0,0.0,0.0
rxn06076_c,1.0,1.0,1.0,1.0,0.0,0.0,0.0,0.0,1.0
rxn05557_c,0.0,1.0,0.0,1.0,0.0,0.0,0.0,0.0,0.0
rxn01270_c,1.0,1.0,1.0,1.0,1.0,0.0,0.0,0.0,1.0
rxn01763_c,0.0,1.0,0.0,1.0,0.0,1.0,0.0,0.0,1.0
rxn00473_c,0.0,1.0,0.0,0.0,0.0,1.0,1.0,0.0,1.0
rxn08299_c,1.0,1.0,0.0,1.0,0.0,0.0,1.0,0.0,0.0
rxn05301_c,0.0,1.0,0.0,1.0,0.0,0.0,0.0,0.0,0.0
rxn00018_c,0.0,0.0,0.0,0.0,1.0,0.0,0.0,0.0,0.0
rxn10317_c,0.0,0.0,0.0,0.0,0.0,0.0,0.0,0.0,0.0
rxn05452_c,1.0,1.0,1.0,1.0,1.0,1.0,1.0,0.0,1.0
rxn10271_c,0.0,0.0,0.0,0.0,0.0,0.0,0.0,0.0,0.0
rxn10770_c,0.0,1.0,1.0,1.0,1.0,0.0,0.0,0.0,0.0
rxn09203_c,1.0,1.0,1.0,1.0,1.0,1.0,1.0,0.0,1.0
rxn05148_c,0.0,0.0,0.0,0.0,0.0,0.0,0.0,0.0,0.0
rxn05347_c,1.0,1.0,1.0,1.0,1.0,1.0,1.0,0.0,1.0
rxn05732_c,1.0,0.0,0.0,0.0,0.0,0.0,0.0,0.0,1.0
rxn02527_c,0.0,0.0,0.0,0.0,0.0,0.0,0.0,0.0,0.0
rxn09265_c,0.0,1.0,0.0,1.0,0.0,0.0,0.0,0.0,0.0
rxn00525_c,0.0,0.0,0.0,0.0,0.0,0.0,0.0,0.0,1.0
rxn06023_c,0.0,0.0,0.0,0.0,0.0,0.0,0.0,0.0,0.0
rxn03481_c,1.0,1.0,0.0,1.0,0.0,0.0,0.0,0.0,1.0
rxn05746_c,1.0,0.0,0.0,0.0,0.0,0.0,0.0,0.0,0.0
rxn00646_c,0.0,1.0,1.0,1.0,1.0,1.0,0.0,0.0,1.0
rxn00872_c,1.0,0.0,0.0,0.0,1.0,1.0,0.0,0.0,1.0
rxn00690_c,0.0,0.0,1.0,0.0,1.0,0.0,1.0,0.0,0.0
rxn00066_c,0.0,0.0,0.0,0.0,0.0,0.0,0.0,0.0,0.0
rxn01265_c,1.0,1.0,1.0,1.0,1.0,0.0,0.0,0.0,1.0
rxn04938_c,0.0,0.0,0.0,0.0,0.0,0.0,0.0,0.0,0.0
rxn00412_c,1.0,1.0,1.0,1.0,1.0,1.0,1.0,0.0,1.0
rxn10094_c,0.0,0.0,0.0,0.0,0.0,0.0,0.0,0.0,0.0
rxn03167_c,1.0,1.0,1.0,1.0,1.0,1.0,1.0,0.0,1.0
rxn09692_c,0.0,1.0,1.0,1.0,1.0,0.0,0.0,0.0,0.0
rxn05397_c,0.0,0.0,1.0,1.0,0.0,1.0,0.0,0.0,0.0
rxn12633_c,1.0,1.0,1.0,1.0,1.0,1.0,1.0,1.0,1.0
rxn04724_c,1.0,0.0,0.0,0.0,0.0,0.0,0.0,0.0,0.0
rxn00552_c,1.0,1.0,1.0,1.0,0.0,1.0,1.0,0.0,1.0
rxn05571_c,1.0,1.0,0.0,1.0,0.0,1.0,1.0,0.0,0.0
rxn06723_c,1.0,1.0,1.0,1.0,1.0,1.0,1.0,0.0,0.0
rxn02949_c,1.0,1.0,1.0,1.0,1.0,0.0,1.0,0.0,1.0
rxn10150_c,0.0,1.0,0.0,1.0,0.0,0.0,0.0,0.0,0.0
rxn00775_c,1.0,1.0,1.0,1.0,1.0,0.0,1.0,0.0,1.0
rxn01192_c,0.0,0.0,1.0,1.0,1.0,0.0,0.0,0.0,1.0
rxn04750_c,1.0,1.0,1.0,1.0,1.0,0.0,1.0,0.0,1.0
rxn11040_c,1.0,1.0,1.0,1.0,1.0,1.0,1.0,1.0,1.0
rxn06022_c,0.0,1.0,0.0,1.0,0.0,1.0,1.0,0.0,0.0
rxn05627_c,0.0,0.0,0.0,0.0,0.0,0.0,0.0,0.0,0.0
rxn01630_c,0.0,0.0,0.0,0.0,0.0,0.0,0.0,0.0,0.0
rxn00469_c,0.0,0.0,0.0,0.0,0.0,0.0,0.0,0.0,0.0
rxn00508_c,0.0,1.0,1.0,1.0,0.0,1.0,1.0,0.0,0.0
rxn00184_c,0.0,1.0,1.0,1.0,1.0,1.0,1.0,0.0,1.0
rxn05501_c,1.0,1.0,0.0,1.0,0.0,0.0,0.0,0.0,1.0
rxn01715_c,0.0,1.0,0.0,1.0,0.0,0.0,0.0,0.0,0.0
rxn09688_c,0.0,1.0,0.0,0.0,0.0,1.0,1.0,0.0,0.0
rxn09102_c,0.0,1.0,1.0,1.0,1.0,0.0,0.0,0.0,0.0
rxn05508_c,0.0,1.0,0.0,1.0,0.0,0.0,0.0,0.0,0.0
rxn05154_c,0.0,1.0,0.0,1.0,0.0,0.0,0.0,0.0,0.0
rxn08552_c,1.0,1.0,0.0,1.0,0.0,0.0,0.0,0.0,0.0
rxn05170_c,1.0,1.0,1.0,1.0,1.0,0.0,0.0,0.0,1.0
rxn05468_c,1.0,1.0,1.0,1.0,1.0,1.0,1.0,1.0,1.0
rxn00575_c,1.0,0.0,0.0,0.0,0.0,0.0,0.0,0.0,0.0
rxn05339_c,0.0,0.0,1.0,1.0,0.0,1.0,0.0,0.0,0.0
rxn05620_c,0.0,0.0,0.0,1.0,0.0,0.0,0.0,0.0,1.0
rxn10010_c,1.0,0.0,0.0,0.0,0.0,0.0,0.0,0.0,1.0
rxn05428_c,0.0,0.0,0.0,0.0,0.0,0.0,0.0,0.0,0.0
rxn00914_c,0.0,1.0,0.0,1.0,0.0,0.0,0.0,0.0,0.0
rxn00124_c,0.0,1.0,0.0,1.0,0.0,0.0,0.0,0.0,1.0
rxn03990_c,0.0,0.0,0.0,0.0,0.0,0.0,0.0,0.0,0.0
rxn00988_c,1.0,1.0,1.0,1.0,1.0,1.0,1.0,0.0,1.0
rxn05455_c,1.0,1.0,1.0,1.0,1.0,1.0,1.0,0.0,1.0
rxn02102_c,0.0,1.0,1.0,0.0,0.0,0.0,0.0,0.0,0.0
rxn01333_c,1.0,1.0,1.0,1.0,1.0,1.0,1.0,0.0,1.0
rxn12510_c,1.0,1.0,1.0,1.0,1.0,1.0,1.0,0.0,1.0
rxn05342_c,0.0,0.0,1.0,1.0,0.0,1.0,0.0,0.0,0.0
rxn00159_c,0.0,1.0,0.0,1.0,0.0,0.0,0.0,0.0,1.0
rxn01073_c,1.0,1.0,1.0,1.0,1.0,0.0,1.0,0.0,1.0
rxn01580_c,0.0,0.0,0.0,0.0,0.0,0.0,0.0,0.0,0.0
rxn00350_c,1.0,1.0,1.0,1.0,1.0,0.0,1.0,0.0,1.0
rxn00065_c,0.0,1.0,0.0,1.0,0.0,1.0,1.0,0.0,1.0
rxn01672_c,1.0,1.0,1.0,1.0,1.0,0.0,1.0,0.0,0.0
rxn10296_c,0.0,0.0,0.0,0.0,0.0,0.0,0.0,0.0,0.0
rxn05393_c,0.0,0.0,1.0,1.0,0.0,1.0,0.0,0.0,0.0
rxn02003_c,0.0,0.0,1.0,0.0,0.0,1.0,1.0,0.0,1.0
rxn01537_c,0.0,0.0,0.0,0.0,0.0,0.0,0.0,0.0,0.0
rxn02303_c,0.0,1.0,1.0,1.0,1.0,1.0,1.0,0.0,0.0
rxn05394_c,0.0,0.0,0.0,0.0,0.0,0.0,0.0,0.0,0.0
rxn08204_c,0.0,1.0,0.0,1.0,0.0,0.0,0.0,0.0,0.0
rxn10147_c,1.0,1.0,0.0,1.0,0.0,0.0,0.0,0.0,0.0
rxn12636_c,1.0,1.0,1.0,1.0,1.0,1.0,1.0,1.0,1.0
rxn00691_c,0.0,1.0,0.0,1.0,0.0,1.0,0.0,0.0,1.0
rxn02946_c,0.0,0.0,0.0,0.0,0.0,0.0,1.0,0.0,1.0
rxn00778_c,1.0,1.0,1.0,1.0,1.0,0.0,0.0,0.0,0.0
rxn04133_c,1.0,1.0,1.0,1.0,1.0,1.0,1.0,1.0,1.0
rxn05195_c,1.0,1.0,1.0,1.0,1.0,1.0,1.0,1.0,1.0
rxn10336_c,0.0,0.0,0.0,0.0,0.0,0.0,0.0,0.0,0.0
rxn10042_c,1.0,1.0,1.0,1.0,1.0,1.0,1.0,1.0,1.0
rxn10303_c,0.0,0.0,0.0,0.0,0.0,0.0,0.0,0.0,0.0
rxn01094_c,0.0,1.0,0.0,1.0,0.0,0.0,0.0,0.0,0.0
rxn05579_c,1.0,0.0,0.0,0.0,0.0,0.0,0.0,0.0,1.0
rxn05572_c,0.0,0.0,0.0,0.0,0.0,0.0,0.0,0.0,0.0
rxn03513_c,0.0,0.0,0.0,0.0,0.0,0.0,0.0,0.0,0.0
rxn11944_c,0.0,1.0,1.0,1.0,0.0,1.0,1.0,1.0,1.0
rxn02028_c,0.0,0.0,1.0,0.0,1.0,0.0,0.0,0.0,0.0
rxn02989_c,0.0,0.0,0.0,0.0,0.0,0.0,1.0,0.0,1.0
rxn05247_c,1.0,1.0,1.0,1.0,1.0,1.0,1.0,0.0,1.0
rxn00222_c,0.0,0.0,1.0,1.0,0.0,1.0,1.0,0.0,1.0
rxn09101_c,0.0,1.0,1.0,1.0,1.0,0.0,0.0,0.0,0.0
rxn03127_c,0.0,0.0,0.0,0.0,0.0,0.0,0.0,0.0,0.0
rxn06799_c,0.0,0.0,0.0,0.0,0.0,0.0,0.0,0.0,0.0
rxn01615_c,0.0,1.0,0.0,0.0,0.0,0.0,0.0,0.0,0.0
rxn05462_c,0.0,0.0,0.0,0.0,0.0,0.0,0.0,0.0,0.0
rxn03511_c,0.0,1.0,0.0,1.0,0.0,1.0,1.0,0.0,0.0
rxn01961_c,0.0,1.0,1.0,1.0,1.0,1.0,1.0,0.0,1.0
rxn01517_c,1.0,1.0,1.0,1.0,1.0,1.0,1.0,0.0,1.0
rxn01299_c,1.0,0.0,1.0,0.0,1.0,1.0,0.0,0.0,1.0
rxn08309_c,1.0,1.0,1.0,1.0,1.0,1.0,1.0,0.0,1.0
rxn05171_c,0.0,0.0,0.0,0.0,0.0,0.0,0.0,0.0,0.0
rxn04954_c,1.0,1.0,1.0,1.0,1.0,1.0,1.0,1.0,1.0
rxn10310_c,0.0,0.0,0.0,0.0,0.0,0.0,0.0,0.0,0.0
rxn05551_c,0.0,1.0,0.0,1.0,0.0,0.0,0.0,0.0,0.0
rxn09142_c,0.0,0.0,0.0,0.0,0.0,0.0,0.0,0.0,0.0
rxn06979_c,0.0,0.0,0.0,0.0,0.0,0.0,0.0,0.0,0.0
rxn07434_c,1.0,0.0,1.0,0.0,0.0,1.0,1.0,0.0,1.0
rxn00980_c,1.0,1.0,1.0,1.0,1.0,1.0,0.0,0.0,0.0
rxn05303_c,1.0,0.0,0.0,0.0,0.0,0.0,0.0,0.0,0.0
rxn01648_c,1.0,0.0,0.0,0.0,0.0,0.0,0.0,0.0,1.0
rxn03991_c,0.0,0.0,0.0,0.0,0.0,0.0,0.0,0.0,0.0
rxn05454_c,1.0,1.0,1.0,1.0,1.0,1.0,1.0,0.0,1.0
rxn08199_c,0.0,1.0,0.0,1.0,0.0,0.0,0.0,0.0,0.0
rxn08548_c,1.0,1.0,0.0,1.0,0.0,0.0,0.0,0.0,0.0
rxn02521_c,1.0,1.0,1.0,1.0,0.0,0.0,0.0,0.0,1.0
rxn09989_c,1.0,0.0,0.0,0.0,0.0,0.0,0.0,0.0,0.0
rxn04674_c,0.0,0.0,0.0,0.0,0.0,0.0,0.0,0.0,0.0
rxn00569_c,0.0,1.0,0.0,1.0,1.0,0.0,0.0,0.0,1.0
rxn05341_c,0.0,0.0,1.0,1.0,0.0,1.0,0.0,0.0,0.0
rxn00083_c,0.0,1.0,1.0,1.0,1.0,0.0,1.0,0.0,1.0
rxn00291_c,0.0,1.0,0.0,1.0,0.0,0.0,0.0,0.0,0.0
rxn10280_c,0.0,0.0,0.0,0.0,0.0,0.0,0.0,0.0,0.0
rxn03483_c,1.0,1.0,1.0,1.0,0.0,0.0,0.0,0.0,1.0
rxn00874_c,1.0,1.0,1.0,1.0,1.0,0.0,1.0,0.0,1.0
rxn00782_c,0.0,0.0,0.0,0.0,0.0,0.0,0.0,0.0,0.0
rxn00599_c,0.0,0.0,1.0,0.0,1.0,0.0,0.0,0.0,0.0
rxn08703_c,0.0,0.0,0.0,1.0,1.0,0.0,0.0,0.0,1.0
rxn03062_c,1.0,1.0,1.0,1.0,1.0,1.0,0.0,1.0,1.0
rxn10295_c,0.0,0.0,0.0,0.0,0.0,0.0,0.0,0.0,0.0
rxn00932_c,0.0,0.0,0.0,0.0,0.0,0.0,0.0,0.0,0.0
rxn00410_c,1.0,1.0,1.0,1.0,1.0,1.0,1.0,0.0,1.0
rxn01945_c,0.0,0.0,0.0,1.0,0.0,0.0,0.0,0.0,0.0
rxn04602_c,0.0,0.0,0.0,0.0,0.0,0.0,0.0,0.0,0.0
rxn05395_c,0.0,0.0,0.0,0.0,0.0,0.0,0.0,0.0,0.0
rxn02005_c,1.0,1.0,0.0,1.0,0.0,0.0,0.0,0.0,1.0
rxn12635_c,1.0,1.0,1.0,1.0,1.0,1.0,1.0,1.0,1.0
rxn09208_c,1.0,1.0,1.0,1.0,1.0,1.0,1.0,0.0,1.0
rxn10288_c,0.0,0.0,0.0,0.0,0.0,0.0,0.0,0.0,0.0
rxn09167_c,0.0,0.0,0.0,0.0,0.0,0.0,0.0,0.0,0.0
rxn08178_c,0.0,1.0,0.0,1.0,0.0,0.0,0.0,0.0,0.0
rxn01093_c,0.0,1.0,0.0,1.0,0.0,0.0,0.0,0.0,0.0
rxn11941_c,0.0,0.0,0.0,0.0,0.0,0.0,0.0,0.0,0.0
rxn01507_c,0.0,1.0,1.0,1.0,1.0,1.0,1.0,0.0,1.0
rxn01388_c,1.0,1.0,1.0,1.0,1.0,1.0,1.0,0.0,1.0
rxn03638_c,1.0,1.0,1.0,1.0,1.0,0.0,0.0,0.0,1.0
rxn01446_c,1.0,1.0,1.0,1.0,1.0,1.0,1.0,0.0,1.0
rxn01068_c,1.0,1.0,1.0,1.0,1.0,1.0,1.0,0.0,1.0
rxn05249_c,1.0,1.0,1.0,1.0,1.0,1.0,1.0,0.0,1.0
rxn01816_c,1.0,1.0,0.0,1.0,0.0,0.0,0.0,0.0,0.0
rxn10309_c,0.0,0.0,0.0,0.0,0.0,0.0,0.0,0.0,0.0
rxn10043_c,1.0,0.0,1.0,0.0,1.0,1.0,0.0,0.0,1.0
rxn04047_c,0.0,0.0,0.0,0.0,0.0,0.0,0.0,0.0,0.0
rxn01028_c,0.0,0.0,0.0,0.0,0.0,0.0,0.0,0.0,0.0
rxn01990_c,0.0,1.0,0.0,1.0,0.0,0.0,0.0,0.0,0.0
rxn05358_c,1.0,1.0,1.0,1.0,1.0,1.0,1.0,0.0,1.0
rxn03535_c,1.0,1.0,0.0,1.0,1.0,0.0,0.0,0.0,1.0
rxn05375_c,1.0,1.0,1.0,1.0,1.0,1.0,1.0,0.0,1.0
rxn00186_c,0.0,0.0,0.0,0.0,0.0,0.0,0.0,0.0,0.0
rxn01241_c,1.0,1.0,1.0,1.0,1.0,1.0,1.0,1.0,1.0
rxn00438_c,0.0,1.0,0.0,1.0,0.0,1.0,1.0,0.0,1.0
rxn08550_c,1.0,1.0,0.0,1.0,0.0,0.0,0.0,0.0,0.0
rxn05176_c,0.0,1.0,1.0,1.0,0.0,0.0,0.0,0.0,0.0
rxn01275_c,1.0,1.0,1.0,1.0,0.0,0.0,1.0,0.0,1.0
rxn00577_c,0.0,0.0,0.0,0.0,0.0,0.0,0.0,0.0,0.0
rxn01434_c,1.0,1.0,1.0,1.0,1.0,1.0,0.0,1.0,1.0
rxn02928_c,0.0,0.0,0.0,0.0,0.0,0.0,0.0,0.0,0.0
rxn12147_c,0.0,0.0,0.0,0.0,0.0,0.0,0.0,0.0,0.0
rxn07589_c,0.0,0.0,0.0,0.0,0.0,0.0,0.0,0.0,0.0
rxn03512_c,0.0,0.0,0.0,0.0,0.0,0.0,0.0,0.0,0.0
rxn00122_c,1.0,1.0,1.0,1.0,1.0,1.0,0.0,0.0,1.0
rxn02029_c,0.0,0.0,0.0,0.0,0.0,0.0,0.0,0.0,0.0
rxn11938_c,0.0,0.0,0.0,0.0,0.0,0.0,0.0,0.0,0.0
rxn05457_c,1.0,1.0,1.0,1.0,1.0,1.0,1.0,0.0,1.0
rxn04658_c,0.0,0.0,0.0,0.0,0.0,0.0,0.0,0.0,0.0
rxn08094_c,0.0,1.0,1.0,1.0,1.0,1.0,1.0,1.0,1.0
rxn05223_c,1.0,0.0,1.0,0.0,1.0,0.0,0.0,0.0,1.0
rxn04158_c,0.0,0.0,0.0,0.0,0.0,0.0,0.0,0.0,0.0
rxn11268_c,1.0,1.0,1.0,1.0,0.0,1.0,0.0,0.0,1.0
rxn08713_c,0.0,1.0,0.0,1.0,0.0,0.0,0.0,0.0,0.0
rxn12512_c,1.0,1.0,1.0,1.0,1.0,1.0,1.0,0.0,1.0
rxn08620_c,0.0,0.0,0.0,0.0,0.0,0.0,0.0,0.0,0.0
rxn00292_c,0.0,1.0,0.0,1.0,1.0,0.0,0.0,0.0,1.0
rxn03839_c,1.0,1.0,0.0,1.0,1.0,0.0,0.0,0.0,1.0
rxn00119_c,1.0,1.0,1.0,1.0,1.0,1.0,1.0,0.0,1.0
rxn05149_c,1.0,0.0,1.0,0.0,1.0,0.0,0.0,0.0,0.0
rxn08549_c,1.0,1.0,0.0,1.0,0.0,0.0,0.0,0.0,0.0
rxn02911_c,1.0,1.0,1.0,1.0,1.0,0.0,1.0,0.0,1.0
rxn10324_c,0.0,0.0,0.0,0.0,0.0,0.0,0.0,0.0,0.0
rxn01466_c,1.0,1.0,1.0,1.0,1.0,1.0,1.0,0.0,1.0
rxn10290_c,0.0,0.0,0.0,0.0,0.0,0.0,0.0,0.0,0.0
rxn09158_c,0.0,0.0,0.0,0.0,0.0,0.0,0.0,0.0,0.0
rxn09264_c,0.0,1.0,0.0,1.0,0.0,0.0,0.0,0.0,0.0
rxn08202_c,0.0,1.0,0.0,1.0,0.0,0.0,0.0,0.0,0.0
rxn02008_c,0.0,0.0,0.0,0.0,0.0,0.0,0.0,0.0,0.0
rxn05740_c,0.0,1.0,1.0,1.0,0.0,1.0,1.0,0.0,1.0
rxn05391_c,0.0,0.0,0.0,0.0,0.0,0.0,0.0,0.0,0.0
rxn08935_c,1.0,0.0,0.0,0.0,0.0,0.0,0.0,0.0,0.0
rxn03931_c,0.0,0.0,0.0,0.0,0.0,0.0,0.0,0.0,0.0
rxn02288_c,1.0,1.0,1.0,1.0,1.0,1.0,1.0,0.0,1.0
rxn00783_c,0.0,1.0,1.0,1.0,0.0,0.0,0.0,0.0,0.0
rxn05669_c,1.0,0.0,0.0,0.0,0.0,0.0,0.0,0.0,0.0
rxn01747_c,0.0,1.0,0.0,0.0,0.0,0.0,0.0,0.0,0.0
rxn05197_c,1.0,1.0,0.0,1.0,0.0,0.0,0.0,0.0,1.0
rxn03164_c,0.0,0.0,0.0,0.0,0.0,0.0,0.0,0.0,0.0
rxn02212_c,1.0,1.0,1.0,1.0,1.0,1.0,1.0,1.0,1.0
rxn03004_c,1.0,1.0,1.0,1.0,1.0,1.0,1.0,0.0,1.0
rxn10232_c,1.0,1.0,1.0,1.0,1.0,1.0,1.0,0.0,1.0
rxn10044_c,1.0,0.0,0.0,0.0,0.0,0.0,0.0,0.0,0.0
rxn05368_c,0.0,0.0,1.0,1.0,0.0,1.0,0.0,0.0,0.0
rxn10289_c,0.0,0.0,0.0,0.0,0.0,0.0,0.0,0.0,0.0
rxn03953_c,0.0,1.0,1.0,0.0,0.0,0.0,0.0,0.0,0.0
rxn03079_c,0.0,0.0,0.0,0.0,0.0,0.0,0.0,0.0,0.0
rxn11942_c,0.0,0.0,0.0,0.0,0.0,0.0,0.0,0.0,0.0
rxn00183_c,1.0,1.0,1.0,1.0,1.0,1.0,1.0,0.0,1.0
rxn01506_c,0.0,1.0,0.0,1.0,0.0,0.0,0.0,0.0,0.0
rxn01122_c,0.0,0.0,0.0,0.0,0.0,0.0,0.0,0.0,0.0
rxn02507_c,1.0,1.0,1.0,1.0,1.0,1.0,0.0,1.0,1.0
rxn01029_c,0.0,0.0,0.0,0.0,0.0,1.0,0.0,0.0,1.0
rxn05464_c,0.0,1.0,1.0,1.0,1.0,1.0,1.0,0.0,1.0
rxn01964_c,1.0,1.0,1.0,1.0,1.0,1.0,0.0,1.0,1.0
rxn05646_c,0.0,1.0,0.0,1.0,0.0,1.0,0.0,0.0,0.0
rxn06874_c,0.0,0.0,0.0,0.0,0.0,1.0,0.0,0.0,0.0
rxn00224_c,0.0,1.0,1.0,1.0,1.0,1.0,1.0,0.0,0.0
rxn03841_c,1.0,1.0,0.0,1.0,1.0,1.0,1.0,0.0,1.0
rxn06510_c,1.0,1.0,1.0,1.0,1.0,0.0,1.0,0.0,1.0
rxn08307_c,1.0,1.0,1.0,1.0,1.0,1.0,1.0,0.0,1.0
rxn02885_c,0.0,0.0,0.0,1.0,0.0,0.0,0.0,0.0,1.0
rxn05177_c,0.0,1.0,1.0,1.0,0.0,0.0,0.0,0.0,1.0
rxn01274_c,1.0,1.0,1.0,1.0,1.0,0.0,0.0,0.0,0.0
rxn10312_c,0.0,0.0,0.0,0.0,0.0,0.0,0.0,0.0,0.0
rxn10188_c,0.0,1.0,0.0,0.0,0.0,0.0,0.0,0.0,0.0
rxn02929_c,0.0,0.0,0.0,0.0,0.0,0.0,0.0,0.0,0.0
rxn10230_c,1.0,1.0,1.0,1.0,1.0,1.0,1.0,0.0,1.0
rxn05518_c,1.0,1.0,0.0,1.0,0.0,0.0,0.0,0.0,0.0
rxn09140_c,0.0,0.0,0.0,0.0,0.0,0.0,0.0,0.0,0.0
rxn10187_c,0.0,1.0,0.0,0.0,0.0,0.0,0.0,0.0,0.0
rxn07579_c,0.0,1.0,1.0,1.0,1.0,1.0,1.0,0.0,1.0
rxn05305_c,0.0,0.0,1.0,0.0,1.0,0.0,0.0,1.0,1.0
rxn02914_c,0.0,1.0,1.0,1.0,1.0,1.0,1.0,0.0,1.0
rxn09944_c,0.0,0.0,0.0,0.0,0.0,0.0,0.0,0.0,0.0
rxn05456_c,1.0,1.0,1.0,1.0,1.0,1.0,1.0,0.0,1.0
rxn05343_c,1.0,1.0,1.0,1.0,1.0,1.0,1.0,0.0,1.0
rxn05425_c,1.0,1.0,1.0,1.0,1.0,1.0,1.0,0.0,1.0
rxn00293_c,1.0,1.0,1.0,1.0,1.0,0.0,0.0,0.0,1.0
rxn03838_c,0.0,1.0,1.0,1.0,0.0,1.0,0.0,0.0,1.0
rxn02235_c,0.0,0.0,0.0,0.0,0.0,0.0,0.0,0.0,0.0
rxn00351_c,0.0,1.0,1.0,1.0,1.0,1.0,0.0,0.0,0.0
rxn00642_c,0.0,1.0,0.0,1.0,0.0,1.0,0.0,0.0,1.0
rxn01678_c,1.0,1.0,1.0,1.0,1.0,1.0,1.0,0.0,1.0
rxn00131_c,0.0,1.0,1.0,1.0,1.0,1.0,0.0,0.0,0.0
rxn00935_c,1.0,1.0,0.0,1.0,0.0,0.0,0.0,0.0,0.0
rxn01673_c,1.0,1.0,1.0,1.0,1.0,1.0,1.0,0.0,1.0
rxn10297_c,0.0,0.0,0.0,0.0,0.0,0.0,0.0,0.0,0.0
rxn05667_c,0.0,0.0,0.0,0.0,0.0,0.0,0.0,0.0,0.0
rxn00178_c,1.0,1.0,1.0,1.0,1.0,0.0,1.0,0.0,1.0
rxn02000_c,0.0,0.0,1.0,0.0,0.0,1.0,1.0,0.0,1.0
rxn03239_c,1.0,1.0,1.0,1.0,1.0,0.0,1.0,0.0,1.0
rxn00416_c,0.0,1.0,1.0,1.0,0.0,1.0,0.0,0.0,1.0
rxn05063_c,0.0,1.0,0.0,1.0,0.0,0.0,0.0,0.0,0.0
rxn05392_c,1.0,1.0,1.0,1.0,1.0,1.0,1.0,0.0,1.0
rxn09159_c,0.0,0.0,0.0,0.0,0.0,0.0,0.0,0.0,0.0
rxn04600_c,0.0,1.0,0.0,1.0,0.0,0.0,0.0,0.0,0.0
rxn00199_c,1.0,1.0,1.0,1.0,1.0,1.0,1.0,0.0,1.0
rxn10320_c,0.0,0.0,0.0,0.0,0.0,0.0,0.0,0.0,0.0
rxn03174_c,1.0,1.0,1.0,1.0,1.0,1.0,1.0,0.0,1.0
rxn08205_c,0.0,1.0,0.0,1.0,0.0,0.0,0.0,0.0,0.0
rxn12637_c,1.0,1.0,1.0,1.0,1.0,1.0,1.0,1.0,1.0
rxn00172_c,0.0,0.0,0.0,0.0,0.0,0.0,0.0,0.0,1.0
rxn08333_c,0.0,0.0,0.0,0.0,0.0,0.0,0.0,0.0,0.0
rxn09177_c,1.0,1.0,1.0,1.0,1.0,1.0,1.0,0.0,1.0
rxn00179_c,1.0,1.0,1.0,1.0,1.0,1.0,0.0,0.0,1.0
rxn02945_c,0.0,0.0,0.0,0.0,0.0,0.0,1.0,0.0,1.0
rxn01746_c,0.0,0.0,0.0,0.0,0.0,0.0,0.0,0.0,1.0
rxn02898_c,0.0,1.0,0.0,1.0,0.0,1.0,0.0,0.0,1.0
rxn10259_c,1.0,1.0,1.0,1.0,1.0,0.0,0.0,0.0,1.0
rxn05578_c,1.0,1.0,0.0,0.0,0.0,0.0,0.0,0.0,0.0
rxn01444_c,1.0,0.0,0.0,0.0,0.0,1.0,1.0,0.0,0.0
rxn10118_c,1.0,1.0,1.0,1.0,1.0,1.0,0.0,0.0,1.0
rxn05167_c,0.0,0.0,0.0,0.0,0.0,0.0,0.0,0.0,0.0
rxn02504_c,1.0,1.0,1.0,1.0,1.0,1.0,0.0,0.0,1.0
rxn05377_c,0.0,0.0,0.0,0.0,0.0,0.0,0.0,0.0,0.0
rxn05582_c,1.0,1.0,0.0,1.0,0.0,0.0,0.0,0.0,0.0
rxn08556_c,1.0,1.0,1.0,1.0,1.0,0.0,1.0,0.0,1.0
rxn00927_c,1.0,0.0,1.0,0.0,1.0,1.0,0.0,0.0,1.0
rxn02988_c,1.0,1.0,0.0,1.0,0.0,1.0,1.0,0.0,1.0
rxn01117_c,0.0,0.0,0.0,0.0,0.0,0.0,0.0,0.0,0.0
rxn01121_c,0.0,0.0,0.0,0.0,0.0,0.0,0.0,0.0,1.0
rxn05465_c,1.0,1.0,1.0,1.0,1.0,1.0,1.0,0.0,1.0
rxn00953_c,1.0,0.0,1.0,0.0,1.0,0.0,1.0,0.0,1.0
rxn05647_c,1.0,1.0,0.0,1.0,0.0,0.0,0.0,0.0,1.0
rxn05459_c,1.0,1.0,1.0,1.0,1.0,1.0,1.0,0.0,1.0
rxn10307_c,0.0,0.0,0.0,0.0,0.0,0.0,0.0,0.0,0.0
rxn01682_c,1.0,1.0,1.0,1.0,1.0,1.0,0.0,1.0,1.0
rxn04705_c,0.0,0.0,0.0,0.0,0.0,0.0,0.0,0.0,0.0
rxn06493_c,1.0,1.0,1.0,1.0,1.0,1.0,1.0,0.0,1.0
rxn10214_c,0.0,0.0,0.0,0.0,0.0,0.0,1.0,0.0,0.0
rxn05221_c,1.0,1.0,0.0,1.0,0.0,0.0,0.0,0.0,0.0
rxn08308_c,1.0,1.0,1.0,1.0,1.0,1.0,1.0,0.0,1.0
rxn08823_c,1.0,1.0,1.0,1.0,1.0,0.0,1.0,0.0,1.0
rxn00827_c,0.0,0.0,0.0,0.0,0.0,0.0,0.0,0.0,0.0
rxn01729_c,0.0,0.0,0.0,0.0,0.0,0.0,0.0,0.0,0.0
rxn09143_c,0.0,0.0,0.0,0.0,0.0,0.0,0.0,0.0,0.0
rxn05559_c,0.0,0.0,0.0,0.0,0.0,0.0,0.0,0.0,0.0
rxn06672_c,1.0,1.0,1.0,1.0,1.0,1.0,1.0,0.0,1.0
rxn02400_c,0.0,1.0,1.0,1.0,1.0,1.0,1.0,0.0,1.0
rxn00641_c,0.0,0.0,1.0,0.0,1.0,1.0,0.0,0.0,0.0
rxn01313_c,0.0,1.0,0.0,1.0,0.0,0.0,0.0,0.0,0.0
rxn12641_c,1.0,1.0,1.0,1.0,1.0,1.0,1.0,1.0,1.0
rxn04673_c,0.0,0.0,0.0,0.0,0.0,0.0,0.0,0.0,0.0
rxn00568_c,0.0,1.0,0.0,1.0,1.0,0.0,0.0,0.0,1.0
rxn08971_c,1.0,1.0,1.0,1.0,0.0,1.0,0.0,0.0,1.0
rxn02007_c,0.0,0.0,0.0,0.0,0.0,0.0,0.0,0.0,1.0
rxn02046_c,0.0,0.0,0.0,0.0,1.0,0.0,0.0,0.0,0.0
rxn00148_c,1.0,1.0,1.0,1.0,1.0,1.0,1.0,0.0,1.0
rxn01278_c,0.0,1.0,1.0,1.0,0.0,0.0,0.0,0.0,0.0
rxn08200_c,0.0,1.0,0.0,1.0,0.0,0.0,0.0,0.0,0.0
rxn01102_c,1.0,1.0,1.0,1.0,1.0,1.0,1.0,0.0,1.0
rxn03482_c,1.0,1.0,0.0,1.0,0.0,0.0,0.0,0.0,1.0
rxn00141_c,1.0,0.0,1.0,0.0,1.0,1.0,1.0,0.0,1.0
rxn00781_c,1.0,1.0,1.0,1.0,1.0,1.0,1.0,0.0,1.0
rxn05298_c,1.0,1.0,1.0,1.0,0.0,1.0,1.0,0.0,0.0
rxn08336_c,0.0,0.0,0.0,0.0,0.0,0.0,0.0,0.0,0.0
rxn05293_c,0.0,0.0,0.0,0.0,0.0,0.0,0.0,0.0,0.0
rxn05198_c,0.0,1.0,0.0,0.0,0.0,1.0,1.0,0.0,0.0
rxn00614_c,0.0,0.0,0.0,0.0,0.0,0.0,0.0,0.0,0.0
rxn00802_c,1.0,1.0,1.0,1.0,1.0,1.0,0.0,0.0,1.0
rxn10222_c,1.0,1.0,1.0,1.0,1.0,1.0,1.0,0.0,1.0
rxn01353_c,1.0,1.0,1.0,1.0,1.0,1.0,1.0,0.0,1.0
rxn01997_c,0.0,1.0,1.0,1.0,0.0,1.0,1.0,0.0,1.0
rxn09138_c,0.0,0.0,0.0,0.0,0.0,0.0,0.0,0.0,0.0
rxn04656_c,0.0,0.0,0.0,0.0,0.0,0.0,0.0,0.0,0.0
rxn00882_c,1.0,1.0,1.0,1.0,1.0,1.0,1.0,0.0,1.0
rxn00171_c,0.0,1.0,0.0,1.0,0.0,0.0,0.0,0.0,0.0
rxn08814_c,1.0,1.0,1.0,1.0,1.0,0.0,1.0,0.0,1.0
rxn10046_c,0.0,0.0,0.0,0.0,0.0,0.0,0.0,0.0,0.0
rxn00549_c,1.0,1.0,1.0,1.0,1.0,0.0,1.0,0.0,1.0
rxn03951_c,0.0,1.0,1.0,1.0,1.0,1.0,1.0,0.0,0.0
rxn04139_c,0.0,0.0,0.0,0.0,0.0,0.0,0.0,0.0,0.0
rxn08179_c,0.0,1.0,0.0,1.0,0.0,0.0,0.0,0.0,0.0
rxn11940_c,0.0,0.0,0.0,0.0,0.0,0.0,0.0,0.0,0.0
rxn05243_c,1.0,0.0,0.0,0.0,0.0,0.0,0.0,0.0,0.0
rxn01504_c,1.0,0.0,0.0,0.0,1.0,1.0,1.0,0.0,1.0
rxn01445_c,0.0,1.0,1.0,1.0,1.0,1.0,1.0,0.0,1.0
rxn05248_c,1.0,1.0,1.0,1.0,1.0,1.0,1.0,0.0,1.0
rxn05168_c,0.0,0.0,0.0,0.0,1.0,0.0,0.0,0.0,0.0
rxn05461_c,0.0,0.0,1.0,1.0,0.0,1.0,0.0,0.0,0.0
rxn12405_c,0.0,0.0,0.0,0.0,0.0,0.0,0.0,0.0,0.0
rxn00999_c,1.0,0.0,1.0,1.0,1.0,0.0,1.0,0.0,1.0
rxn01966_c,0.0,0.0,0.0,0.0,0.0,1.0,0.0,0.0,0.0
rxn05466_c,1.0,1.0,1.0,1.0,1.0,1.0,1.0,0.0,1.0
rxn11545_c,0.0,0.0,0.0,0.0,0.0,0.0,0.0,0.0,0.0
rxn00375_c,0.0,0.0,1.0,0.0,1.0,0.0,0.0,0.0,1.0
rxn01438_c,0.0,0.0,0.0,0.0,0.0,0.0,1.0,0.0,0.0
rxn02380_c,1.0,1.0,1.0,1.0,1.0,1.0,1.0,0.0,1.0
rxn10131_c,1.0,1.0,0.0,1.0,0.0,0.0,0.0,0.0,0.0
rxn05585_c,0.0,0.0,0.0,1.0,0.0,0.0,0.0,0.0,1.0
rxn04601_c,0.0,0.0,0.0,0.0,0.0,0.0,0.0,0.0,0.0
rxn08551_c,1.0,1.0,0.0,1.0,0.0,0.0,0.0,0.0,0.0
rxn05890_c,0.0,0.0,1.0,0.0,0.0,0.0,0.0,0.0,0.0
rxn10314_c,0.0,0.0,0.0,0.0,0.0,0.0,0.0,0.0,0.0
rxn09146_c,0.0,0.0,0.0,0.0,0.0,0.0,0.0,0.0,0.0
rxn10181_c,0.0,1.0,0.0,1.0,0.0,0.0,0.0,0.0,1.0
rxn05435_c,0.0,1.0,1.0,1.0,1.0,1.0,1.0,0.0,1.0
rxn00907_c,1.0,1.0,1.0,1.0,1.0,1.0,1.0,0.0,1.0
rxn05458_c,1.0,1.0,1.0,1.0,1.0,1.0,1.0,0.0,1.0
rxn02404_c,0.0,1.0,0.0,1.0,0.0,1.0,1.0,0.0,0.0
rxn01644_c,0.0,0.0,0.0,1.0,0.0,0.0,0.0,0.0,0.0
rxn09180_c,0.0,1.0,0.0,1.0,0.0,0.0,0.0,0.0,0.0
rxn08822_c,1.0,1.0,1.0,1.0,1.0,0.0,1.0,0.0,1.0
rxn01872_c,0.0,1.0,1.0,1.0,1.0,1.0,1.0,1.0,1.0
rxn00606_c,1.0,1.0,0.0,1.0,0.0,0.0,0.0,0.0,0.0
rxn00295_c,1.0,1.0,1.0,1.0,1.0,1.0,1.0,0.0,1.0
rxn00369_c,1.0,1.0,0.0,1.0,0.0,1.0,1.0,0.0,0.0
rxn00537_c,0.0,0.0,0.0,0.0,0.0,0.0,0.0,0.0,0.0
rxn00640_c,0.0,0.0,0.0,0.0,0.0,0.0,0.0,0.0,0.0
rxn00747_c,1.0,1.0,1.0,1.0,1.0,1.0,1.0,0.0,1.0
rxn05219_c,1.0,1.0,0.0,1.0,0.0,0.0,0.0,0.0,1.0
rxn03406_c,1.0,1.0,1.0,1.0,1.0,0.0,0.0,0.0,1.0
rxn00029_c,1.0,1.0,1.0,1.0,1.0,1.0,1.0,0.0,1.0
rxn06673_c,1.0,1.0,1.0,1.0,1.0,1.0,1.0,0.0,1.0
rxn10168_c,0.0,1.0,0.0,1.0,0.0,1.0,1.0,0.0,1.0
rxn03869_c,1.0,1.0,0.0,1.0,1.0,0.0,0.0,0.0,1.0
rxn05484_c,0.0,0.0,0.0,0.0,0.0,0.0,0.0,0.0,0.0
rxn10256_c,1.0,1.0,0.0,1.0,0.0,0.0,1.0,0.0,0.0
rxn05433_c,0.0,1.0,1.0,1.0,1.0,1.0,1.0,0.0,1.0
rxn00414_c,1.0,1.0,1.0,1.0,1.0,1.0,1.0,1.0,1.0
rxn05150_c,1.0,1.0,1.0,1.0,1.0,1.0,0.0,0.0,1.0
rxn10335_c,0.0,0.0,0.0,0.0,0.0,0.0,0.0,0.0,0.0
rxn10119_c,0.0,0.0,0.0,0.0,0.0,0.0,0.0,0.0,0.0
rxn08203_c,0.0,1.0,0.0,1.0,0.0,0.0,0.0,0.0,0.0
rxn05359_c,1.0,1.0,1.0,1.0,1.0,1.0,1.0,0.0,1.0
rxn08936_c,1.0,0.0,0.0,0.0,0.0,0.0,0.0,0.0,0.0
rxn10237_c,1.0,1.0,1.0,1.0,1.0,1.0,1.0,0.0,1.0
rxn00737_c,1.0,1.0,1.0,1.0,0.0,0.0,0.0,1.0,1.0
rxn05292_c,0.0,1.0,0.0,1.0,0.0,0.0,0.0,0.0,1.0
rxn05199_c,0.0,1.0,0.0,0.0,0.0,1.0,1.0,0.0,0.0
rxn01740_c,1.0,1.0,1.0,1.0,1.0,1.0,1.0,1.0,1.0
rxn00588_c,0.0,0.0,0.0,1.0,0.0,0.0,0.0,0.0,0.0
rxn00615_c,1.0,1.0,1.0,1.0,1.0,1.0,1.0,0.0,1.0
rxn05612_c,0.0,1.0,0.0,1.0,0.0,0.0,0.0,0.0,0.0
rxn03910_c,1.0,1.0,1.0,1.0,1.0,1.0,0.0,0.0,1.0
rxn04657_c,0.0,0.0,0.0,0.0,0.0,0.0,0.0,0.0,0.0
rxn03540_c,1.0,0.0,0.0,1.0,1.0,0.0,0.0,0.0,1.0
rxn08311_c,1.0,1.0,1.0,1.0,1.0,1.0,1.0,0.0,1.0
rxn00883_c,1.0,1.0,1.0,1.0,1.0,1.0,1.0,0.0,1.0
rxn02508_c,1.0,1.0,1.0,1.0,1.0,1.0,0.0,1.0,1.0
rxn01225_c,0.0,1.0,1.0,0.0,1.0,0.0,1.0,0.0,1.0
rxn05371_c,1.0,1.0,1.0,1.0,1.0,1.0,1.0,0.0,1.0
rxn00182_c,1.0,0.0,0.0,0.0,1.0,0.0,1.0,0.0,1.0
rxn04045_c,0.0,0.0,0.0,1.0,0.0,0.0,0.0,0.0,0.0
rxn05467_c,1.0,1.0,1.0,1.0,1.0,1.0,1.0,1.0,1.0
rxn08615_c,0.0,1.0,1.0,1.0,0.0,1.0,1.0,0.0,0.0
rxn05649_c,1.0,1.0,0.0,1.0,0.0,0.0,0.0,0.0,0.0
rxn10136_c,0.0,1.0,0.0,0.0,0.0,0.0,0.0,0.0,0.0
rxn10216_c,0.0,0.0,0.0,0.0,0.0,0.0,1.0,0.0,0.0
rxn08306_c,1.0,1.0,1.0,1.0,1.0,1.0,1.0,0.0,1.0
rxn08821_c,1.0,1.0,1.0,1.0,1.0,0.0,1.0,0.0,1.0
rxn10306_c,0.0,0.0,0.0,0.0,0.0,0.0,0.0,0.0,0.0
rxn10266_c,0.0,1.0,1.0,1.0,1.0,0.0,0.0,0.0,0.0
rxn05005_c,1.0,1.0,1.0,1.0,1.0,1.0,1.0,0.0,1.0
rxn10180_c,0.0,1.0,0.0,1.0,0.0,0.0,0.0,0.0,0.0
rxn09141_c,0.0,0.0,0.0,0.0,0.0,0.0,0.0,0.0,0.0
rxn00904_c,0.0,1.0,1.0,1.0,1.0,1.0,0.0,0.0,1.0
rxn10067_c,0.0,0.0,0.0,0.0,0.0,0.0,0.0,0.0,0.0
rxn02916_c,1.0,1.0,1.0,1.0,1.0,1.0,1.0,1.0,1.0
rxn04597_c,0.0,1.0,0.0,1.0,1.0,0.0,0.0,0.0,1.0
rxn05526_c,1.0,0.0,0.0,0.0,0.0,0.0,0.0,0.0,0.0
rxn00395_c,0.0,0.0,0.0,0.0,0.0,1.0,1.0,0.0,1.0
rxn02377_c,0.0,1.0,0.0,1.0,1.0,0.0,0.0,0.0,0.0
rxn09123_c,0.0,0.0,0.0,0.0,0.0,0.0,0.0,0.0,0.0
rxn05443_c,0.0,1.0,1.0,1.0,1.0,1.0,1.0,0.0,1.0
rxn12643_c,1.0,1.0,1.0,1.0,1.0,1.0,1.0,1.0,1.0
rxn02522_c,1.0,1.0,1.0,1.0,0.0,0.0,0.0,0.0,1.0
rxn00979_c,0.0,1.0,0.0,0.0,0.0,0.0,0.0,0.0,0.0
rxn08934_c,1.0,0.0,0.0,0.0,0.0,0.0,0.0,0.0,0.0
rxn11703_c,0.0,1.0,0.0,1.0,0.0,0.0,0.0,0.0,1.0
rxn00601_c,0.0,1.0,0.0,1.0,0.0,0.0,0.0,0.0,0.0
rxn00143_c,1.0,1.0,1.0,1.0,0.0,0.0,0.0,0.0,0.0
rxn09161_c,0.0,0.0,0.0,0.0,0.0,0.0,0.0,0.0,0.0
rxn03908_c,1.0,1.0,1.0,1.0,1.0,1.0,0.0,0.0,1.0
rxn01100_c,1.0,1.0,1.0,1.0,1.0,1.0,1.0,0.0,1.0
rxn05356_c,0.0,0.0,0.0,0.0,0.0,0.0,0.0,0.0,0.0
rxn01416_c,0.0,1.0,0.0,1.0,0.0,0.0,0.0,0.0,0.0
rxn00512_c,0.0,0.0,1.0,0.0,1.0,1.0,0.0,0.0,0.0
rxn01457_c,0.0,1.0,1.0,1.0,0.0,1.0,0.0,0.0,0.0
rxn10319_c,0.0,0.0,0.0,0.0,0.0,0.0,0.0,0.0,0.0
rxn10337_c,0.0,0.0,0.0,0.0,0.0,0.0,0.0,0.0,0.0
rxn10117_c,0.0,0.0,0.0,0.0,0.0,0.0,0.0,0.0,0.0
rxn06848_c,0.0,0.0,0.0,0.0,0.0,0.0,0.0,0.0,0.0
rxn05485_c,1.0,1.0,0.0,1.0,0.0,0.0,0.0,0.0,1.0
rxn05621_c,0.0,0.0,0.0,1.0,0.0,0.0,0.0,0.0,1.0
rxn05193_c,1.0,0.0,0.0,0.0,0.0,0.0,0.0,0.0,1.0
rxn05151_c,0.0,0.0,0.0,0.0,0.0,0.0,0.0,0.0,0.0
rxn08804_c,1.0,1.0,1.0,1.0,1.0,0.0,1.0,0.0,1.0
rxn00853_c,0.0,0.0,0.0,0.0,0.0,0.0,0.0,0.0,0.0
rxn01999_c,0.0,0.0,0.0,0.0,0.0,0.0,0.0,0.0,0.0
rxn00173_c,0.0,1.0,1.0,1.0,1.0,1.0,0.0,0.0,0.0
rxn08528_c,1.0,1.0,1.0,1.0,1.0,1.0,1.0,0.0,1.0
rxn00589_c,1.0,0.0,0.0,0.0,0.0,0.0,0.0,0.0,0.0
rxn03891_c,1.0,1.0,0.0,1.0,0.0,0.0,0.0,0.0,1.0
rxn08352_c,1.0,1.0,1.0,1.0,1.0,1.0,0.0,0.0,1.0
rxn02503_c,1.0,1.0,1.0,1.0,1.0,1.0,1.0,0.0,1.0
rxn05463_c,0.0,0.0,0.0,0.0,0.0,0.0,0.0,0.0,0.0
rxn09310_c,1.0,1.0,1.0,1.0,1.0,1.0,1.0,0.0,1.0
rxn05645_c,1.0,0.0,0.0,0.0,0.0,0.0,0.0,0.0,0.0
rxn05237_c,0.0,0.0,0.0,0.0,0.0,0.0,0.0,0.0,0.0
rxn08310_c,1.0,1.0,1.0,1.0,1.0,1.0,1.0,0.0,1.0
rxn01301_c,1.0,1.0,1.0,1.0,1.0,1.0,1.0,1.0,1.0
rxn10133_c,1.0,1.0,0.0,1.0,0.0,0.0,0.0,0.0,0.0
rxn05376_c,0.0,0.0,1.0,1.0,0.0,1.0,0.0,0.0,0.0
rxn01662_c,0.0,0.0,0.0,0.0,0.0,0.0,1.0,0.0,0.0
rxn08557_c,1.0,1.0,1.0,1.0,1.0,0.0,1.0,0.0,1.0
rxn01116_c,1.0,1.0,1.0,1.0,1.0,1.0,1.0,0.0,1.0
rxn08847_c,1.0,1.0,1.0,1.0,1.0,0.0,1.0,0.0,1.0
rxn00868_c,1.0,0.0,0.0,0.0,0.0,1.0,1.0,0.0,1.0
rxn00863_c,1.0,1.0,1.0,1.0,1.0,1.0,1.0,0.0,1.0
rxn10316_c,0.0,0.0,0.0,0.0,0.0,0.0,0.0,0.0,0.0
rxn10184_c,1.0,1.0,0.0,1.0,0.0,0.0,0.0,0.0,1.0
rxn05374_c,0.0,0.0,0.0,0.0,0.0,0.0,0.0,0.0,0.0
rxn05515_c,1.0,0.0,0.0,0.0,0.0,0.0,0.0,0.0,0.0
rxn10215_c,0.0,0.0,0.0,0.0,0.0,0.0,1.0,0.0,0.0
rxn10313_c,0.0,0.0,0.0,0.0,0.0,0.0,0.0,0.0,0.0
rxn01138_c,1.0,1.0,1.0,1.0,1.0,1.0,1.0,0.0,1.0
rxn01685_c,0.0,0.0,0.0,0.0,0.0,0.0,0.0,0.0,0.0
rxn02402_c,1.0,1.0,0.0,1.0,0.0,1.0,1.0,0.0,1.0
rxn00010_c,0.0,1.0,0.0,0.0,0.0,0.0,0.0,0.0,1.0
rxn00880_c,0.0,0.0,0.0,0.0,0.0,0.0,0.0,0.0,0.0
rxn08820_c,1.0,1.0,1.0,1.0,1.0,0.0,1.0,0.0,1.0
rxn10342_c,0.0,0.0,0.0,0.0,0.0,0.0,0.0,0.0,0.0
rxn01603_c,1.0,1.0,1.0,1.0,1.0,1.0,1.0,0.0,1.0
rxn04413_c,1.0,1.0,1.0,1.0,1.0,0.0,0.0,0.0,1.0
rxn03897_c,0.0,0.0,0.0,1.0,0.0,0.0,0.0,0.0,0.0
rxn01343_c,1.0,1.0,0.0,1.0,0.0,1.0,1.0,0.0,0.0
rxn00604_c,1.0,1.0,1.0,1.0,1.0,1.0,0.0,1.0,1.0
rxn00297_c,0.0,1.0,0.0,1.0,1.0,0.0,0.0,0.0,1.0
rxn00745_c,0.0,1.0,0.0,0.0,0.0,0.0,0.0,0.0,1.0
rxn02286_c,0.0,0.0,0.0,0.0,0.0,0.0,0.0,0.0,0.0
rxn00394_c,1.0,0.0,0.0,0.0,0.0,0.0,0.0,0.0,0.0
rxn04599_c,0.0,1.0,0.0,1.0,0.0,0.0,0.0,0.0,0.0
rxn05958_c,0.0,1.0,0.0,1.0,0.0,0.0,0.0,0.0,0.0
rxn12640_c,1.0,1.0,1.0,1.0,1.0,1.0,1.0,1.0,1.0
rxn00897_c,0.0,0.0,0.0,0.0,0.0,1.0,0.0,0.0,0.0
rxn08793_c,0.0,1.0,1.0,1.0,1.0,0.0,1.0,0.0,0.0
rxn00938_c,1.0,1.0,1.0,1.0,1.0,0.0,0.0,0.0,1.0
rxn02971_c,0.0,0.0,0.0,1.0,0.0,0.0,0.0,0.0,1.0
rxn09160_c,0.0,0.0,0.0,0.0,0.0,0.0,0.0,0.0,0.0
rxn05152_c,0.0,0.0,0.0,0.0,0.0,0.0,0.0,0.0,0.0
rxn01103_c,0.0,0.0,0.0,0.0,0.0,0.0,0.0,0.0,0.0
rxn08201_c,0.0,1.0,0.0,1.0,0.0,0.0,0.0,0.0,0.0
rxn05357_c,0.0,0.0,0.0,0.0,0.0,0.0,0.0,0.0,0.0
rxn01364_c,0.0,0.0,0.0,1.0,0.0,0.0,0.0,0.0,0.0
rxn00515_c,1.0,1.0,1.0,1.0,1.0,1.0,1.0,0.0,1.0
rxn05012_c,0.0,0.0,0.0,0.0,0.0,0.0,0.0,0.0,0.0
rxn00985_c,1.0,1.0,1.0,1.0,0.0,1.0,0.0,0.0,1.0
rxn10571_c,1.0,1.0,1.0,1.0,1.0,1.0,1.0,1.0,1.0
rxn00804_c,0.0,0.0,0.0,0.0,0.0,0.0,0.0,0.0,0.0
rxn03954_c,0.0,1.0,1.0,0.0,0.0,0.0,0.0,0.0,0.0
rxn05619_c,0.0,0.0,0.0,0.0,0.0,0.0,0.0,0.0,0.0
rxn05610_c,1.0,1.0,0.0,1.0,0.0,0.0,0.0,0.0,1.0
rxn01053_c,0.0,1.0,0.0,1.0,1.0,0.0,1.0,0.0,1.0
rxn07295_c,1.0,0.0,1.0,0.0,1.0,0.0,0.0,0.0,1.0
rxn12646_c,1.0,1.0,1.0,1.0,1.0,1.0,1.0,1.0,1.0
rxn01996_c,1.0,0.0,1.0,0.0,1.0,1.0,1.0,0.0,1.0
rxn01799_c,1.0,1.0,1.0,1.0,1.0,1.0,1.0,0.0,1.0
rxn00548_c,0.0,0.0,0.0,0.0,0.0,1.0,0.0,0.0,1.0
rxn09996_c,0.0,0.0,0.0,0.0,0.0,0.0,0.0,0.0,0.0
rxn00048_c,1.0,1.0,1.0,1.0,1.0,1.0,1.0,0.0,1.0
rxn00265_c,0.0,1.0,0.0,1.0,1.0,1.0,0.0,0.0,0.0
rxn05373_c,0.0,0.0,0.0,0.0,0.0,0.0,0.0,0.0,0.0
rxn01654_c,0.0,0.0,0.0,0.0,0.0,1.0,1.0,0.0,0.0
rxn02155_c,1.0,1.0,1.0,1.0,1.0,1.0,1.0,0.0,1.0
rxn05378_c,0.0,0.0,0.0,0.0,0.0,0.0,0.0,0.0,0.0
rxn01390_c,0.0,1.0,0.0,1.0,0.0,1.0,0.0,0.0,1.0
rxn02475_c,1.0,1.0,1.0,1.0,1.0,1.0,1.0,0.0,1.0
rxn05460_c,1.0,1.0,1.0,1.0,1.0,1.0,1.0,0.0,1.0
rxn10291_c,0.0,0.0,0.0,0.0,0.0,0.0,0.0,0.0,0.0
rxn05236_c,0.0,1.0,0.0,1.0,0.0,0.0,0.0,0.0,0.0
rxn11544_c,0.0,0.0,0.0,0.0,0.0,0.0,0.0,0.0,0.0
rxn10219_c,0.0,0.0,0.0,0.0,0.0,0.0,1.0,0.0,0.0
rxn00634_c,0.0,0.0,0.0,0.0,1.0,0.0,0.0,0.0,1.0
rxn03514_c,0.0,0.0,0.0,0.0,0.0,0.0,0.0,0.0,0.0
rxn10210_c,1.0,1.0,0.0,1.0,0.0,0.0,0.0,0.0,0.0
rxn00278_c,1.0,0.0,1.0,0.0,1.0,1.0,1.0,0.0,1.0
rxn00205_c,1.0,1.0,1.0,1.0,0.0,1.0,1.0,0.0,1.0
rxn03893_c,0.0,1.0,1.0,1.0,1.0,0.0,0.0,0.0,1.0
rxn03842_c,0.0,1.0,0.0,0.0,0.0,0.0,0.0,0.0,0.0
rxn01370_c,0.0,0.0,0.0,0.0,0.0,0.0,0.0,0.0,0.0
rxn00929_c,1.0,1.0,1.0,1.0,1.0,1.0,1.0,0.0,1.0
rxn08356_c,0.0,0.0,0.0,0.0,0.0,0.0,0.0,0.0,0.0
rxn00440_c,0.0,0.0,1.0,0.0,0.0,0.0,0.0,0.0,0.0
rxn10340_c,0.0,0.0,0.0,0.0,0.0,0.0,0.0,0.0,0.0
rxn00333_c,0.0,1.0,1.0,0.0,1.0,0.0,0.0,0.0,1.0
rxn05146_c,0.0,0.0,0.0,0.0,0.0,0.0,0.0,0.0,0.0
rxn09147_c,0.0,0.0,0.0,0.0,0.0,0.0,0.0,0.0,0.0
rxn10182_c,0.0,1.0,0.0,1.0,0.0,0.0,0.0,0.0,0.0
rxn05512_c,0.0,0.0,0.0,1.0,0.0,0.0,0.0,0.0,1.0
rxn02405_c,0.0,1.0,1.0,1.0,1.0,1.0,1.0,0.0,0.0
rxn00011_c,1.0,1.0,1.0,1.0,1.0,1.0,1.0,1.0,1.0
rxn01647_c,1.0,1.0,1.0,1.0,1.0,1.0,1.0,0.0,1.0
rxn03898_c,0.0,0.0,0.0,1.0,0.0,0.0,0.0,0.0,0.0
rxn05528_c,1.0,1.0,1.0,1.0,1.0,1.0,1.0,0.0,1.0
rxn09125_c,0.0,0.0,0.0,0.0,0.0,0.0,0.0,0.0,0.0
rxn05441_c,0.0,1.0,1.0,1.0,1.0,1.0,1.0,0.0,1.0
rxn05312_c,1.0,1.0,1.0,1.0,0.0,1.0,0.0,0.0,1.0
rxn04020_c,0.0,0.0,0.0,0.0,0.0,0.0,0.0,0.0,0.0
rxn08975_c,1.0,1.0,1.0,1.0,0.0,1.0,0.0,0.0,1.0
rxn00607_c,0.0,1.0,0.0,1.0,0.0,0.0,0.0,0.0,0.0
rxn00145_c,0.0,1.0,1.0,1.0,1.0,0.0,1.0,0.0,0.0
rxn08933_c,1.0,0.0,0.0,0.0,0.0,0.0,0.0,0.0,0.0
rxn09163_c,0.0,0.0,0.0,0.0,0.0,0.0,0.0,0.0,0.0
rxn00368_c,1.0,1.0,0.0,1.0,0.0,1.0,1.0,0.0,0.0
rxn05354_c,0.0,0.0,0.0,0.0,0.0,0.0,0.0,0.0,0.0
rxn00510_c,0.0,0.0,0.0,0.0,0.0,0.0,0.0,0.0,0.0
rxn02285_c,1.0,1.0,1.0,1.0,1.0,1.0,0.0,0.0,1.0
rxn00881_c,1.0,1.0,1.0,1.0,1.0,1.0,1.0,0.0,1.0
rxn05663_c,0.0,1.0,0.0,1.0,0.0,0.0,0.0,0.0,0.0
rxn00986_c,0.0,0.0,0.0,0.0,0.0,0.0,0.0,0.0,0.0
rxn10341_c,0.0,0.0,0.0,0.0,0.0,0.0,0.0,0.0,0.0
rxn08840_c,1.0,1.0,1.0,1.0,1.0,0.0,1.0,0.0,1.0
rxn00290_c,0.0,0.0,1.0,0.0,1.0,0.0,0.0,0.0,1.0
rxn01213_c,1.0,1.0,1.0,1.0,1.0,1.0,1.0,0.0,1.0
rxn05153_c,0.0,1.0,1.0,1.0,0.0,0.0,0.0,0.0,1.0
rxn05426_c,0.0,0.0,1.0,1.0,0.0,1.0,0.0,0.0,0.0
rxn08806_c,1.0,1.0,1.0,1.0,1.0,0.0,1.0,0.0,1.0
rxn02356_c,0.0,0.0,0.0,0.0,0.0,0.0,0.0,0.0,0.0
rxn10311_c,0.0,0.0,0.0,0.0,0.0,0.0,0.0,0.0,0.0
rxn02359_c,0.0,0.0,0.0,0.0,0.0,0.0,0.0,0.0,0.0
rxn10234_c,1.0,1.0,1.0,1.0,1.0,1.0,1.0,0.0,1.0
rxn00175_c,0.0,0.0,0.0,0.0,0.0,0.0,0.0,0.0,0.0
rxn01520_c,0.0,1.0,1.0,1.0,0.0,1.0,1.0,0.0,1.0
rxn10344_c,1.0,1.0,1.0,1.0,1.0,1.0,1.0,0.0,1.0
rxn00545_c,1.0,1.0,0.0,1.0,0.0,1.0,1.0,0.0,0.0
rxn01143_c,1.0,1.0,1.0,1.0,0.0,1.0,1.0,0.0,1.0
rxn05618_c,1.0,1.0,0.0,1.0,0.0,1.0,0.0,0.0,1.0
rxn00260_c,1.0,1.0,1.0,1.0,1.0,1.0,1.0,0.0,1.0
rxn05613_c,1.0,1.0,0.0,1.0,0.0,0.0,0.0,0.0,1.0
rxn00669_c,0.0,1.0,0.0,1.0,0.0,0.0,0.0,0.0,1.0
rxn03856_c,0.0,1.0,0.0,0.0,0.0,0.0,0.0,0.0,0.0
rxn08354_c,0.0,0.0,0.0,0.0,0.0,0.0,0.0,0.0,0.0
rxn12500_c,0.0,0.0,0.0,0.0,0.0,0.0,0.0,0.0,0.0
rxn00762_c,0.0,1.0,0.0,1.0,0.0,0.0,0.0,0.0,0.0
rxn05493_c,0.0,1.0,0.0,1.0,0.0,0.0,0.0,0.0,1.0
rxn03541_c,1.0,0.0,1.0,0.0,0.0,0.0,0.0,0.0,0.0
rxn02264_c,1.0,1.0,1.0,1.0,0.0,1.0,1.0,0.0,1.0
rxn08312_c,1.0,1.0,1.0,1.0,1.0,1.0,1.0,0.0,1.0
rxn10323_c,0.0,0.0,0.0,0.0,0.0,0.0,0.0,0.0,0.0
rxn02883_c,0.0,0.0,0.0,1.0,0.0,0.0,0.0,0.0,0.0
rxn01041_c,0.0,0.0,0.0,0.0,0.0,0.0,0.0,0.0,0.0
rxn10255_c,1.0,1.0,0.0,1.0,0.0,0.0,1.0,0.0,0.0
rxn00371_c,0.0,1.0,0.0,1.0,0.0,0.0,0.0,0.0,1.0
rxn01807_c,0.0,1.0,0.0,1.0,0.0,0.0,0.0,0.0,1.0
rxn12206_c,0.0,0.0,0.0,1.0,0.0,0.0,0.0,0.0,0.0
rxn05581_c,1.0,1.0,0.0,1.0,0.0,1.0,1.0,0.0,1.0
rxn05370_c,0.0,0.0,0.0,0.0,0.0,0.0,0.0,0.0,0.0
rxn01256_c,0.0,0.0,0.0,0.0,0.0,0.0,0.0,0.0,1.0
rxn01800_c,1.0,1.0,1.0,1.0,1.0,1.0,1.0,0.0,1.0
rxn05379_c,1.0,1.0,1.0,1.0,1.0,1.0,1.0,0.0,1.0
rxn02476_c,0.0,0.0,0.0,0.0,0.0,0.0,0.0,0.0,0.0
rxn05517_c,0.0,0.0,0.0,0.0,0.0,0.0,0.0,0.0,0.0
rxn05164_c,0.0,1.0,1.0,1.0,0.0,0.0,0.0,0.0,0.0
rxn10218_c,0.0,0.0,0.0,0.0,0.0,0.0,1.0,0.0,0.0
rxn09657_c,0.0,0.0,0.0,0.0,0.0,0.0,0.0,0.0,1.0
rxn08258_c,0.0,1.0,0.0,1.0,0.0,0.0,0.0,0.0,0.0
rxn01257_c,1.0,1.0,1.0,1.0,1.0,1.0,1.0,1.0,1.0
rxn09272_c,1.0,1.0,1.0,1.0,1.0,1.0,1.0,0.0,1.0
rxn13784_c,1.0,1.0,1.0,1.0,1.0,1.0,1.0,1.0,1.0
rxn10217_c,0.0,0.0,0.0,0.0,0.0,0.0,1.0,0.0,0.0
rxn00903_c,1.0,1.0,1.0,1.0,1.0,1.0,1.0,0.0,1.0
rxn02213_c,1.0,1.0,1.0,1.0,1.0,1.0,1.0,1.0,1.0
rxn03892_c,1.0,1.0,0.0,1.0,0.0,0.0,0.0,0.0,1.0
rxn02569_c,0.0,1.0,1.0,1.0,1.0,0.0,1.0,0.0,1.0
rxn05226_c,1.0,1.0,0.0,1.0,0.0,0.0,0.0,0.0,1.0
rxn03393_c,0.0,1.0,1.0,1.0,0.0,0.0,0.0,0.0,0.0
rxn01879_c,0.0,0.0,0.0,0.0,0.0,0.0,0.0,0.0,0.0
rxn01345_c,0.0,0.0,0.0,0.0,0.0,0.0,0.0,0.0,0.0
rxn00743_c,1.0,1.0,1.0,1.0,1.0,1.0,1.0,0.0,1.0
rxn01775_c,1.0,1.0,1.0,1.0,0.0,1.0,0.0,0.0,0.0
rxn05527_c,0.0,1.0,0.0,0.0,0.0,0.0,0.0,0.0,1.0
rxn01639_c,1.0,0.0,0.0,0.0,0.0,0.0,0.0,0.0,0.0
rxn09124_c,0.0,0.0,0.0,0.0,0.0,0.0,0.0,0.0,0.0
rxn05442_c,0.0,1.0,1.0,1.0,1.0,1.0,1.0,0.0,1.0
rxn12642_c,1.0,1.0,1.0,1.0,1.0,1.0,1.0,1.0,1.0
rxn05313_c,1.0,1.0,1.0,1.0,0.0,0.0,0.0,0.0,0.0
rxn10339_c,0.0,0.0,0.0,0.0,0.0,0.0,0.0,0.0,0.0
rxn11702_c,0.0,1.0,0.0,1.0,0.0,1.0,0.0,0.0,1.0
rxn10012_c,1.0,0.0,0.0,0.0,0.0,0.0,0.0,0.0,1.0
rxn09162_c,0.0,0.0,0.0,0.0,0.0,0.0,0.0,0.0,0.0
rxn10302_c,0.0,0.0,0.0,0.0,0.0,0.0,0.0,0.0,0.0
rxn01827_c,1.0,0.0,1.0,1.0,1.0,0.0,1.0,0.0,1.0
rxn03909_c,1.0,1.0,1.0,1.0,1.0,1.0,0.0,0.0,1.0
rxn01101_c,1.0,1.0,1.0,1.0,1.0,1.0,1.0,0.0,1.0
rxn00551_c,0.0,0.0,0.0,0.0,0.0,0.0,0.0,0.0,0.0
rxn05355_c,0.0,0.0,0.0,0.0,0.0,0.0,0.0,0.0,0.0
rxn00216_c,1.0,1.0,1.0,1.0,1.0,1.0,1.0,1.0,1.0
rxn02171_c,0.0,0.0,0.0,0.0,0.0,0.0,0.0,0.0,0.0
rxn05297_c,1.0,0.0,0.0,0.0,0.0,0.0,0.0,1.0,0.0
rxn00806_c,1.0,1.0,1.0,1.0,1.0,1.0,1.0,0.0,1.0
rxn05328_c,0.0,1.0,1.0,1.0,1.0,1.0,1.0,0.0,1.0
rxn01851_c,1.0,1.0,1.0,1.0,1.0,0.0,1.0,0.0,1.0
rxn05201_c,1.0,0.0,0.0,1.0,0.0,1.0,0.0,0.0,1.0
rxn03630_c,0.0,1.0,0.0,1.0,0.0,0.0,0.0,0.0,0.0
rxn05192_c,1.0,0.0,0.0,0.0,0.0,0.0,0.0,0.0,1.0
rxn05616_c,1.0,1.0,1.0,1.0,1.0,1.0,1.0,0.0,1.0
rxn08805_c,1.0,1.0,1.0,1.0,1.0,0.0,1.0,0.0,1.0
rxn02358_c,0.0,0.0,0.0,0.0,0.0,0.0,0.0,0.0,0.0
rxn04162_c,0.0,0.0,0.0,0.0,0.0,0.0,0.0,0.0,0.0
rxn03075_c,0.0,1.0,0.0,1.0,0.0,0.0,0.0,0.0,0.0
rxn01480_c,1.0,1.0,1.0,1.0,1.0,0.0,1.0,0.0,1.0
rxn05939_c,0.0,0.0,0.0,0.0,0.0,0.0,0.0,0.0,0.0
rxn08558_c,1.0,1.0,1.0,1.0,1.0,0.0,1.0,0.0,1.0
rxn11937_c,0.0,0.0,1.0,0.0,0.0,0.0,1.0,0.0,0.0
rxn00763_c,1.0,1.0,1.0,1.0,1.0,0.0,1.0,0.0,1.0
rxn02473_c,1.0,1.0,1.0,1.0,1.0,1.0,1.0,1.0,1.0
rxn05644_c,0.0,0.0,0.0,0.0,0.0,0.0,0.0,0.0,0.0
rxn10149_c,0.0,1.0,0.0,1.0,0.0,0.0,0.0,0.0,0.0
rxn10212_c,0.0,0.0,0.0,0.0,0.0,0.0,1.0,0.0,0.0
rxn10132_c,0.0,1.0,0.0,1.0,0.0,0.0,0.0,0.0,0.0
rxn03020_c,0.0,0.0,0.0,0.0,0.0,0.0,0.0,0.0,0.0
rxn01761_c,0.0,1.0,0.0,1.0,0.0,1.0,1.0,0.0,1.0
rxn08467_c,0.0,0.0,0.0,0.0,0.0,0.0,0.0,0.0,0.0
rxn00331_c,0.0,0.0,0.0,0.0,0.0,0.0,0.0,0.0,0.0
rxn03394_c,0.0,0.0,0.0,0.0,0.0,0.0,0.0,0.0,0.0
rxn05144_c,0.0,0.0,0.0,0.0,0.0,0.0,0.0,0.0,0.0
rxn01521_c,0.0,1.0,1.0,1.0,1.0,1.0,1.0,0.0,1.0
rxn02374_c,1.0,1.0,1.0,1.0,1.0,1.0,1.0,1.0,1.0
rxn05514_c,0.0,1.0,0.0,1.0,0.0,0.0,0.0,0.0,1.0
rxn02373_c,0.0,1.0,1.0,1.0,1.0,1.0,0.0,0.0,1.0
rxn09127_c,0.0,0.0,0.0,0.0,0.0,0.0,0.0,0.0,0.0
rxn05625_c,0.0,0.0,0.0,0.0,0.0,0.0,0.0,0.0,0.0
rxn05447_c,0.0,1.0,1.0,1.0,1.0,1.0,1.0,0.0,1.0
rxn01633_c,0.0,0.0,0.0,0.0,0.0,0.0,0.0,0.0,0.0
rxn05448_c,0.0,1.0,1.0,1.0,1.0,1.0,1.0,0.0,1.0
rxn00974_c,1.0,1.0,1.0,1.0,1.0,1.0,1.0,0.0,1.0
rxn05352_c,0.0,0.0,0.0,0.0,0.0,0.0,0.0,0.0,0.0
rxn00147_c,1.0,1.0,1.0,1.0,0.0,1.0,0.0,0.0,1.0
rxn00605_c,0.0,1.0,1.0,1.0,0.0,0.0,0.0,0.0,0.0
rxn00744_c,0.0,0.0,1.0,1.0,0.0,0.0,0.0,0.0,0.0
rxn03904_c,1.0,1.0,1.0,1.0,1.0,1.0,1.0,0.0,1.0
rxn10011_c,1.0,0.0,0.0,0.0,0.0,0.0,0.0,0.0,1.0
rxn00835_c,0.0,1.0,0.0,1.0,0.0,0.0,0.0,0.0,0.0
rxn04712_c,1.0,0.0,0.0,0.0,0.0,0.0,0.0,0.0,0.0
rxn08842_c,1.0,1.0,1.0,1.0,1.0,0.0,1.0,0.0,1.0
rxn03041_c,0.0,0.0,0.0,1.0,0.0,0.0,0.0,0.0,1.0
rxn00808_c,0.0,1.0,0.0,1.0,0.0,1.0,1.0,0.0,1.0
rxn01211_c,1.0,1.0,1.0,1.0,1.0,1.0,1.0,0.0,1.0
rxn05155_c,1.0,1.0,0.0,1.0,0.0,0.0,0.0,0.0,0.0
rxn08800_c,1.0,1.0,1.0,1.0,1.0,0.0,1.0,0.0,1.0
rxn10126_c,1.0,1.0,1.0,1.0,1.0,1.0,1.0,0.0,1.0
rxn00441_c,0.0,1.0,1.0,1.0,1.0,1.0,1.0,1.0,1.0
rxn07584_c,1.0,1.0,0.0,1.0,0.0,1.0,0.0,0.0,1.0
rxn00931_c,1.0,1.0,1.0,1.0,1.0,1.0,1.0,0.0,1.0
rxn10286_c,0.0,0.0,0.0,0.0,0.0,0.0,0.0,0.0,0.0
rxn10121_c,0.0,1.0,0.0,1.0,1.0,0.0,0.0,0.0,1.0
rxn00547_c,0.0,1.0,1.0,0.0,1.0,0.0,1.0,0.0,1.0
rxn02716_c,0.0,0.0,0.0,0.0,0.0,0.0,0.0,0.0,0.0
rxn01485_c,1.0,1.0,1.0,1.0,1.0,1.0,0.0,0.0,1.0
rxn02190_c,0.0,0.0,1.0,0.0,0.0,0.0,1.0,0.0,1.0
rxn00239_c,1.0,1.0,1.0,1.0,1.0,1.0,1.0,0.0,1.0
rxn05611_c,0.0,0.0,0.0,0.0,0.0,0.0,0.0,0.0,0.0
rxn06526_c,0.0,1.0,1.0,1.0,0.0,1.0,1.0,0.0,0.0
rxn02263_c,0.0,1.0,0.0,0.0,0.0,1.0,0.0,0.0,0.0
rxn01383_c,0.0,0.0,0.0,0.0,0.0,0.0,0.0,0.0,0.0
rxn01314_c,0.0,1.0,0.0,1.0,0.0,0.0,0.0,0.0,0.0
rxn05494_c,1.0,1.0,0.0,1.0,0.0,0.0,0.0,0.0,0.0
rxn06591_c,1.0,1.0,0.0,1.0,0.0,1.0,1.0,0.0,1.0
rxn07307_c,1.0,0.0,0.0,0.0,0.0,1.0,0.0,0.0,0.0
rxn07588_c,0.0,0.0,0.0,0.0,0.0,0.0,0.0,0.0,0.0
rxn05436_c,0.0,1.0,1.0,1.0,1.0,1.0,1.0,0.0,1.0
rxn08797_c,1.0,1.0,1.0,1.0,1.0,0.0,1.0,0.0,1.0
rxn00478_c,1.0,0.0,1.0,0.0,0.0,0.0,1.0,0.0,1.0
rxn05372_c,0.0,0.0,1.0,1.0,0.0,1.0,0.0,0.0,0.0
rxn02474_c,1.0,1.0,1.0,1.0,1.0,1.0,1.0,0.0,1.0
rxn04783_c,0.0,0.0,0.0,0.0,0.0,0.0,0.0,0.0,0.0
rxn05306_c,1.0,1.0,0.0,1.0,0.0,0.0,0.0,0.0,0.0
rxn07441_c,0.0,0.0,0.0,0.0,0.0,1.0,0.0,0.0,0.0
rxn10211_c,0.0,0.0,0.0,0.0,0.0,0.0,1.0,0.0,0.0
rxn00202_c,0.0,0.0,0.0,0.0,0.0,1.0,0.0,0.0,0.0
rxn08129_c,0.0,1.0,1.0,1.0,0.0,1.0,1.0,0.0,1.0
rxn01420_c,0.0,0.0,0.0,0.0,0.0,0.0,0.0,0.0,0.0
rxn01973_c,0.0,1.0,1.0,1.0,1.0,0.0,0.0,1.0,1.0
rxn05622_c,0.0,0.0,0.0,0.0,0.0,0.0,0.0,0.0,0.0
rxn03395_c,0.0,1.0,1.0,1.0,1.0,0.0,0.0,0.0,0.0
rxn00330_c,1.0,1.0,1.0,1.0,1.0,0.0,0.0,0.0,1.0
rxn05147_c,0.0,0.0,0.0,0.0,0.0,0.0,0.0,0.0,0.0
rxn03445_c,0.0,1.0,1.0,1.0,1.0,1.0,1.0,0.0,1.0
rxn00839_c,1.0,1.0,1.0,1.0,1.0,1.0,1.0,0.0,1.0
